event_ticker,yes_sub_title,open_time,close_time,expiration_value,floor_strike,result
KXBTC15M-26JUN101415,"Target Price: $61,929.58",2026-06-10 14:00:00-04:00,2026-06-10 14:15:00-04:00,61906.08,61929.58,no
KXBTC15M-26JUN101400,"Target Price: $61,727.54",2026-06-10 13:45:00-04:00,2026-06-10 14:00:00-04:00,61929.58,61727.54,yes
KXBTC15M-26JUN101345,"Target Price: $61,891.97",2026-06-10 13:30:00-04:00,2026-06-10 13:45:00-04:00,61727.54,61891.97,no
KXBTC15M-26JUN101330,"Target Price: $62,027.34",2026-06-10 13:15:00-04:00,2026-06-10 13:30:00-04:00,61891.97,62027.34,no
KXBTC15M-26JUN101315,"Target Price: $62,163.36",2026-06-10 13:00:00-04:00,2026-06-10 13:15:00-04:00,62027.34,62163.36,no
KXBTC15M-26JUN101300,"Target Price: $62,193.49",2026-06-10 12:45:00-04:00,2026-06-10 13:00:00-04:00,62163.36,62193.49,no
KXBTC15M-26JUN101245,"Target Price: $62,214.03",2026-06-10 12:30:00-04:00,2026-06-10 12:45:00-04:00,62193.49,62214.03,no
KXBTC15M-26JUN101230,"Target Price: $62,301.17",2026-06-10 12:15:00-04:00,2026-06-10 12:30:00-04:00,62214.03,62301.17,no
KXBTC15M-26JUN101215,"Target Price: $62,587.28",2026-06-10 12:00:00-04:00,2026-06-10 12:15:00-04:00,62301.17,62587.28,no
KXBTC15M-26JUN101200,"Target Price: $62,346.72",2026-06-10 11:45:00-04:00,2026-06-10 12:00:00-04:00,62587.28,62346.72,yes
KXBTC15M-26JUN101145,"Target Price: $62,242.26",2026-06-10 11:30:00-04:00,2026-06-10 11:45:00-04:00,62346.72,62242.26,yes
KXBTC15M-26JUN101130,"Target Price: $61,925.93",2026-06-10 11:15:00-04:00,2026-06-10 11:30:00-04:00,62242.26,61925.93,yes
KXBTC15M-26JUN101115,"Target Price: $62,080.25",2026-06-10 11:00:00-04:00,2026-06-10 11:15:00-04:00,61925.93,62080.25,no
KXBTC15M-26JUN101100,"Target Price: $61,964.26",2026-06-10 10:45:00-04:00,2026-06-10 11:00:00-04:00,62080.25,61964.26,yes
KXBTC15M-26JUN101045,"Target Price: $62,002.68",2026-06-10 10:30:00-04:00,2026-06-10 10:45:00-04:00,61964.26,62002.68,no
KXBTC15M-26JUN101030,"Target Price: $62,021.62",2026-06-10 10:15:00-04:00,2026-06-10 10:30:00-04:00,62002.68,62021.62,no
KXBTC15M-26JUN101015,"Target Price: $62,069.72",2026-06-10 10:00:00-04:00,2026-06-10 10:15:00-04:00,62021.62,62069.72,no
KXBTC15M-26JUN101000,"Target Price: $62,283.43",2026-06-10 09:45:00-04:00,2026-06-10 10:00:00-04:00,62069.72,62283.43,no
KXBTC15M-26JUN100945,"Target Price: $61,496.37",2026-06-10 09:30:00-04:00,2026-06-10 09:45:00-04:00,62283.43,61496.37,yes
KXBTC15M-26JUN100930,"Target Price: $61,476.38",2026-06-10 09:15:00-04:00,2026-06-10 09:30:00-04:00,61496.37,61476.38,yes
KXBTC15M-26JUN100915,"Target Price: $61,555.47",2026-06-10 09:00:00-04:00,2026-06-10 09:15:00-04:00,61476.38,61555.47,no
KXBTC15M-26JUN100900,"Target Price: $61,624.09",2026-06-10 08:45:00-04:00,2026-06-10 09:00:00-04:00,61555.47,61624.09,no
KXBTC15M-26JUN100845,"Target Price: $61,105.61",2026-06-10 08:30:00-04:00,2026-06-10 08:45:00-04:00,61624.09,61105.61,yes
KXBTC15M-26JUN100830,"Target Price: $61,150.60",2026-06-10 08:15:00-04:00,2026-06-10 08:30:00-04:00,61105.61,61150.6,no
KXBTC15M-26JUN100815,Target price: TBD,2026-06-10 08:00:00-04:00,2026-06-10 08:15:00-04:00,61150.60,,yes
KXBTC15M-26JUN100800,"Target Price: $60,985.51",2026-06-10 07:45:00-04:00,2026-06-10 08:00:00-04:00,60985.37,60985.51,no
KXBTC15M-26JUN100745,"Target Price: $60,905.45",2026-06-10 07:30:00-04:00,2026-06-10 07:45:00-04:00,60985.51,60905.45,yes
KXBTC15M-26JUN100730,"Target Price: $61,056.30",2026-06-10 07:15:00-04:00,2026-06-10 07:30:00-04:00,60905.45,61056.3,no
KXBTC15M-26JUN100715,"Target Price: $61,340.21",2026-06-10 07:00:00-04:00,2026-06-10 07:15:00-04:00,61056.30,61340.21,no
KXBTC15M-26JUN100700,"Target Price: $61,261.99",2026-06-10 06:45:00-04:00,2026-06-10 07:00:00-04:00,61340.21,61261.99,yes
KXBTC15M-26JUN100645,"Target Price: $61,289.45",2026-06-10 06:30:00-04:00,2026-06-10 06:45:00-04:00,61261.99,61289.45,no
KXBTC15M-26JUN100630,"Target Price: $61,216.96",2026-06-10 06:15:00-04:00,2026-06-10 06:30:00-04:00,61289.45,61216.96,yes
KXBTC15M-26JUN100615,"Target Price: $61,286.62",2026-06-10 06:00:00-04:00,2026-06-10 06:15:00-04:00,61216.96,61286.62,no
KXBTC15M-26JUN100600,"Target Price: $61,249.62",2026-06-10 05:45:00-04:00,2026-06-10 06:00:00-04:00,61286.62,61249.62,yes
KXBTC15M-26JUN100545,"Target Price: $61,170.12",2026-06-10 05:30:00-04:00,2026-06-10 05:45:00-04:00,61249.62,61170.12,yes
KXBTC15M-26JUN100530,"Target Price: $61,065.92",2026-06-10 05:15:00-04:00,2026-06-10 05:30:00-04:00,61170.12,61065.92,yes
KXBTC15M-26JUN100515,"Target Price: $61,217.25",2026-06-10 05:00:00-04:00,2026-06-10 05:15:00-04:00,61065.92,61217.25,no
KXBTC15M-26JUN100500,"Target Price: $61,221.47",2026-06-10 04:45:00-04:00,2026-06-10 05:00:00-04:00,61217.25,61221.47,no
KXBTC15M-26JUN100445,"Target Price: $61,468.08",2026-06-10 04:30:00-04:00,2026-06-10 04:45:00-04:00,61221.47,61468.08,no
KXBTC15M-26JUN100430,"Target Price: $61,576.43",2026-06-10 04:15:00-04:00,2026-06-10 04:30:00-04:00,61468.08,61576.43,no
KXBTC15M-26JUN100415,"Target Price: $61,640.51",2026-06-10 04:00:00-04:00,2026-06-10 04:15:00-04:00,61576.43,61640.51,no
KXBTC15M-26JUN100400,"Target Price: $61,706.96",2026-06-10 03:45:00-04:00,2026-06-10 04:00:00-04:00,61640.51,61706.96,no
KXBTC15M-26JUN100345,"Target Price: $61,604.42",2026-06-10 03:30:00-04:00,2026-06-10 03:45:00-04:00,61706.96,61604.42,yes
KXBTC15M-26JUN100330,"Target Price: $61,520.21",2026-06-10 03:15:00-04:00,2026-06-10 03:30:00-04:00,61604.42,61520.21,yes
KXBTC15M-26JUN100315,"Target Price: $61,429.27",2026-06-10 03:00:00-04:00,2026-06-10 03:15:00-04:00,61520.21,61429.27,yes
KXBTC15M-26JUN100300,"Target Price: $61,376.36",2026-06-10 02:45:00-04:00,2026-06-10 03:00:00-04:00,61429.27,61376.36,yes
KXBTC15M-26JUN100245,"Target Price: $61,292.18",2026-06-10 02:30:00-04:00,2026-06-10 02:45:00-04:00,61376.36,61292.18,yes
KXBTC15M-26JUN100230,"Target Price: $61,347.36",2026-06-10 02:15:00-04:00,2026-06-10 02:30:00-04:00,61292.18,61347.36,no
KXBTC15M-26JUN100215,"Target Price: $61,304.61",2026-06-10 02:00:00-04:00,2026-06-10 02:15:00-04:00,61347.36,61304.61,yes
KXBTC15M-26JUN100200,"Target Price: $61,234.13",2026-06-10 01:45:00-04:00,2026-06-10 02:00:00-04:00,61304.61,61234.13,yes
KXBTC15M-26JUN100145,"Target Price: $61,201.76",2026-06-10 01:30:00-04:00,2026-06-10 01:45:00-04:00,61234.13,61201.76,yes
KXBTC15M-26JUN100130,"Target Price: $61,112.44",2026-06-10 01:15:00-04:00,2026-06-10 01:30:00-04:00,61201.76,61112.44,yes
KXBTC15M-26JUN100115,"Target Price: $61,241.16",2026-06-10 01:00:00-04:00,2026-06-10 01:15:00-04:00,61112.44,61241.16,no
KXBTC15M-26JUN100100,"Target Price: $61,188.84",2026-06-10 00:45:00-04:00,2026-06-10 01:00:00-04:00,61241.16,61188.84,yes
KXBTC15M-26JUN100045,"Target Price: $61,432.04",2026-06-10 00:30:00-04:00,2026-06-10 00:45:00-04:00,61188.84,61432.04,no
KXBTC15M-26JUN100030,"Target Price: $61,470.07",2026-06-10 00:15:00-04:00,2026-06-10 00:30:00-04:00,61432.04,61470.07,no
KXBTC15M-26JUN100015,"Target Price: $61,504.88",2026-06-10 00:00:00-04:00,2026-06-10 00:15:00-04:00,61470.07,61504.88,no
KXBTC15M-26JUN100000,"Target Price: $61,487.07",2026-06-09 23:45:00-04:00,2026-06-10 00:00:00-04:00,61504.88,61487.07,yes
KXBTC15M-26JUN092345,"Target Price: $61,532.10",2026-06-09 23:30:00-04:00,2026-06-09 23:45:00-04:00,61487.07,61532.1,no
KXBTC15M-26JUN092330,"Target Price: $61,392.62",2026-06-09 23:15:00-04:00,2026-06-09 23:30:00-04:00,61532.10,61392.62,yes
KXBTC15M-26JUN092315,"Target Price: $61,290.47",2026-06-09 23:00:00-04:00,2026-06-09 23:15:00-04:00,61392.62,61290.47,yes
KXBTC15M-26JUN092300,"Target Price: $61,311.38",2026-06-09 22:45:00-04:00,2026-06-09 23:00:00-04:00,61290.47,61311.38,no
KXBTC15M-26JUN092245,"Target Price: $61,424.08",2026-06-09 22:30:00-04:00,2026-06-09 22:45:00-04:00,61311.38,61424.08,no
KXBTC15M-26JUN092230,"Target Price: $61,522.31",2026-06-09 22:15:00-04:00,2026-06-09 22:30:00-04:00,61424.08,61522.31,no
KXBTC15M-26JUN092215,"Target Price: $61,670.05",2026-06-09 22:00:00-04:00,2026-06-09 22:15:00-04:00,61522.31,61670.05,no
KXBTC15M-26JUN092200,"Target Price: $61,606.72",2026-06-09 21:45:00-04:00,2026-06-09 22:00:00-04:00,61670.05,61606.72,yes
KXBTC15M-26JUN092145,"Target Price: $61,794.44",2026-06-09 21:30:00-04:00,2026-06-09 21:45:00-04:00,61606.72,61794.44,no
KXBTC15M-26JUN092130,"Target Price: $61,766.40",2026-06-09 21:15:00-04:00,2026-06-09 21:30:00-04:00,61794.44,61766.4,yes
KXBTC15M-26JUN092115,"Target Price: $61,856.00",2026-06-09 21:00:00-04:00,2026-06-09 21:15:00-04:00,61766.40,61856.0,no
KXBTC15M-26JUN092100,"Target Price: $61,454.77",2026-06-09 20:45:00-04:00,2026-06-09 21:00:00-04:00,61856.00,61454.77,yes
KXBTC15M-26JUN092045,"Target Price: $61,817.67",2026-06-09 20:30:00-04:00,2026-06-09 20:45:00-04:00,61454.77,61817.67,no
KXBTC15M-26JUN092030,"Target Price: $61,756.59",2026-06-09 20:15:00-04:00,2026-06-09 20:30:00-04:00,61817.67,61756.59,yes
KXBTC15M-26JUN092015,"Target Price: $61,670.01",2026-06-09 20:00:00-04:00,2026-06-09 20:15:00-04:00,61756.59,61670.01,yes
KXBTC15M-26JUN092000,"Target Price: $61,577.14",2026-06-09 19:45:00-04:00,2026-06-09 20:00:00-04:00,61670.01,61577.14,yes
KXBTC15M-26JUN091945,"Target Price: $61,657.47",2026-06-09 19:30:00-04:00,2026-06-09 19:45:00-04:00,61577.14,61657.47,no
KXBTC15M-26JUN091930,"Target Price: $61,721.84",2026-06-09 19:15:00-04:00,2026-06-09 19:30:00-04:00,61657.47,61721.84,no
KXBTC15M-26JUN091915,"Target Price: $61,666.23",2026-06-09 19:00:00-04:00,2026-06-09 19:15:00-04:00,61721.84,61666.23,yes
KXBTC15M-26JUN091900,"Target Price: $61,808.88",2026-06-09 18:45:00-04:00,2026-06-09 19:00:00-04:00,61666.23,61808.88,no
KXBTC15M-26JUN091845,"Target Price: $61,759.22",2026-06-09 18:30:00-04:00,2026-06-09 18:45:00-04:00,61808.88,61759.22,yes
KXBTC15M-26JUN091830,"Target Price: $61,786.73",2026-06-09 18:15:00-04:00,2026-06-09 18:30:00-04:00,61759.22,61786.73,no
KXBTC15M-26JUN091815,"Target Price: $61,694.59",2026-06-09 18:00:00-04:00,2026-06-09 18:15:00-04:00,61786.73,61694.59,yes
KXBTC15M-26JUN091800,"Target Price: $61,759.81",2026-06-09 17:45:00-04:00,2026-06-09 18:00:00-04:00,61694.59,61759.81,no
KXBTC15M-26JUN091745,"Target Price: $61,758.81",2026-06-09 17:30:00-04:00,2026-06-09 17:45:00-04:00,61759.81,61758.81,yes
KXBTC15M-26JUN091730,"Target Price: $62,072.68",2026-06-09 17:15:00-04:00,2026-06-09 17:30:00-04:00,61758.81,62072.68,no
KXBTC15M-26JUN091715,"Target Price: $62,100.09",2026-06-09 17:00:00-04:00,2026-06-09 17:15:00-04:00,62072.68,62100.09,no
KXBTC15M-26JUN091700,"Target Price: $62,099.86",2026-06-09 16:45:00-04:00,2026-06-09 17:00:00-04:00,62100.09,62099.86,yes
KXBTC15M-26JUN091645,"Target Price: $62,034.82",2026-06-09 16:30:00-04:00,2026-06-09 16:45:00-04:00,62099.86,62034.82,yes
KXBTC15M-26JUN091630,"Target Price: $62,140.15",2026-06-09 16:15:00-04:00,2026-06-09 16:30:00-04:00,62034.82,62140.15,no
KXBTC15M-26JUN091615,"Target Price: $62,036.06",2026-06-09 16:00:00-04:00,2026-06-09 16:15:00-04:00,62140.15,62036.06,yes
KXBTC15M-26JUN091600,"Target Price: $61,833.51",2026-06-09 15:45:00-04:00,2026-06-09 16:00:00-04:00,62036.06,61833.51,yes
KXBTC15M-26JUN091545,"Target Price: $61,805.88",2026-06-09 15:30:00-04:00,2026-06-09 15:45:00-04:00,61833.51,61805.88,yes
KXBTC15M-26JUN091530,"Target Price: $61,742.94",2026-06-09 15:15:00-04:00,2026-06-09 15:30:00-04:00,61805.88,61742.94,yes
KXBTC15M-26JUN091515,"Target Price: $61,764.14",2026-06-09 15:00:00-04:00,2026-06-09 15:15:00-04:00,61742.94,61764.14,no
KXBTC15M-26JUN091500,"Target Price: $61,596.79",2026-06-09 14:45:00-04:00,2026-06-09 15:00:00-04:00,61764.14,61596.79,yes
KXBTC15M-26JUN091445,"Target Price: $61,703.20",2026-06-09 14:30:00-04:00,2026-06-09 14:45:00-04:00,61596.79,61703.2,no
KXBTC15M-26JUN091430,"Target Price: $61,703.75",2026-06-09 14:15:00-04:00,2026-06-09 14:30:00-04:00,61703.20,61703.75,no
KXBTC15M-26JUN091415,"Target Price: $61,666.83",2026-06-09 14:00:00-04:00,2026-06-09 14:15:00-04:00,61703.75,61666.83,yes
KXBTC15M-26JUN091400,"Target Price: $61,680.67",2026-06-09 13:45:00-04:00,2026-06-09 14:00:00-04:00,61666.83,61680.67,no
KXBTC15M-26JUN091345,"Target Price: $61,701.96",2026-06-09 13:30:00-04:00,2026-06-09 13:45:00-04:00,61680.67,61701.96,no
KXBTC15M-26JUN091330,"Target Price: $61,568.27",2026-06-09 13:15:00-04:00,2026-06-09 13:30:00-04:00,61701.96,61568.27,yes
KXBTC15M-26JUN091315,"Target Price: $61,375.32",2026-06-09 13:00:00-04:00,2026-06-09 13:15:00-04:00,61568.27,61375.32,yes
KXBTC15M-26JUN091300,"Target Price: $61,126.97",2026-06-09 12:45:00-04:00,2026-06-09 13:00:00-04:00,61375.32,61126.97,yes
KXBTC15M-26JUN091245,"Target Price: $60,972.01",2026-06-09 12:30:00-04:00,2026-06-09 12:45:00-04:00,61126.97,60972.01,yes
KXBTC15M-26JUN091230,"Target Price: $60,979.94",2026-06-09 12:15:00-04:00,2026-06-09 12:30:00-04:00,60972.01,60979.94,no
KXBTC15M-26JUN091215,"Target Price: $61,111.99",2026-06-09 12:00:00-04:00,2026-06-09 12:15:00-04:00,60979.94,61111.99,no
KXBTC15M-26JUN091200,"Target Price: $61,296.84",2026-06-09 11:45:00-04:00,2026-06-09 12:00:00-04:00,61111.99,61296.84,no
KXBTC15M-26JUN091145,"Target Price: $61,278.31",2026-06-09 11:30:00-04:00,2026-06-09 11:45:00-04:00,61296.84,61278.31,yes
KXBTC15M-26JUN091130,"Target Price: $61,639.25",2026-06-09 11:15:00-04:00,2026-06-09 11:30:00-04:00,61278.31,61639.25,no
KXBTC15M-26JUN091115,"Target Price: $61,450.81",2026-06-09 11:00:00-04:00,2026-06-09 11:15:00-04:00,61639.25,61450.81,yes
KXBTC15M-26JUN091100,"Target Price: $61,315.90",2026-06-09 10:45:00-04:00,2026-06-09 11:00:00-04:00,61450.81,61315.9,yes
KXBTC15M-26JUN091045,"Target Price: $61,596.75",2026-06-09 10:30:00-04:00,2026-06-09 10:45:00-04:00,61315.90,61596.75,no
KXBTC15M-26JUN091030,"Target Price: $61,996.19",2026-06-09 10:15:00-04:00,2026-06-09 10:30:00-04:00,61596.75,61996.19,no
KXBTC15M-26JUN091015,"Target Price: $62,303.53",2026-06-09 10:00:00-04:00,2026-06-09 10:15:00-04:00,61996.19,62303.53,no
KXBTC15M-26JUN091000,"Target Price: $62,377.83",2026-06-09 09:45:00-04:00,2026-06-09 10:00:00-04:00,62303.53,62377.83,no
KXBTC15M-26JUN090945,"Target Price: $62,307.43",2026-06-09 09:30:00-04:00,2026-06-09 09:45:00-04:00,62377.83,62307.43,yes
KXBTC15M-26JUN090930,"Target Price: $62,526.01",2026-06-09 09:15:00-04:00,2026-06-09 09:30:00-04:00,62307.43,62526.01,no
KXBTC15M-26JUN090915,"Target Price: $62,558.07",2026-06-09 09:00:00-04:00,2026-06-09 09:15:00-04:00,62526.01,62558.07,no
KXBTC15M-26JUN090900,"Target Price: $62,494.60",2026-06-09 08:45:00-04:00,2026-06-09 09:00:00-04:00,62558.07,62494.6,yes
KXBTC15M-26JUN090845,"Target Price: $62,629.30",2026-06-09 08:30:00-04:00,2026-06-09 08:45:00-04:00,62494.60,62629.3,no
KXBTC15M-26JUN090830,"Target Price: $62,751.43",2026-06-09 08:15:00-04:00,2026-06-09 08:30:00-04:00,62629.30,62751.43,no
KXBTC15M-26JUN090815,"Target Price: $62,691.48",2026-06-09 08:00:00-04:00,2026-06-09 08:15:00-04:00,62751.43,62691.48,yes
KXBTC15M-26JUN090800,"Target Price: $62,612.27",2026-06-09 07:45:00-04:00,2026-06-09 08:00:00-04:00,62691.48,62612.27,yes
KXBTC15M-26JUN090745,"Target Price: $62,564.54",2026-06-09 07:30:00-04:00,2026-06-09 07:45:00-04:00,62612.27,62564.54,yes
KXBTC15M-26JUN090730,"Target Price: $62,533.43",2026-06-09 07:15:00-04:00,2026-06-09 07:30:00-04:00,62564.54,62533.43,yes
KXBTC15M-26JUN090715,"Target Price: $62,764.48",2026-06-09 07:00:00-04:00,2026-06-09 07:15:00-04:00,62533.43,62764.48,no
KXBTC15M-26JUN090700,"Target Price: $62,676.92",2026-06-09 06:45:00-04:00,2026-06-09 07:00:00-04:00,62764.48,62676.92,yes
KXBTC15M-26JUN090645,"Target Price: $62,707.80",2026-06-09 06:30:00-04:00,2026-06-09 06:45:00-04:00,62676.92,62707.8,no
KXBTC15M-26JUN090630,"Target Price: $62,704.39",2026-06-09 06:15:00-04:00,2026-06-09 06:30:00-04:00,62707.80,62704.39,yes
KXBTC15M-26JUN090615,"Target Price: $62,685.30",2026-06-09 06:00:00-04:00,2026-06-09 06:15:00-04:00,62704.39,62685.3,yes
KXBTC15M-26JUN090600,"Target Price: $62,637.31",2026-06-09 05:45:00-04:00,2026-06-09 06:00:00-04:00,62685.30,62637.31,yes
KXBTC15M-26JUN090545,"Target Price: $62,809.19",2026-06-09 05:30:00-04:00,2026-06-09 05:45:00-04:00,62637.31,62809.19,no
KXBTC15M-26JUN090530,"Target Price: $62,809.20",2026-06-09 05:15:00-04:00,2026-06-09 05:30:00-04:00,62809.19,62809.2,no
KXBTC15M-26JUN090515,"Target Price: $62,827.15",2026-06-09 05:00:00-04:00,2026-06-09 05:15:00-04:00,62809.20,62827.15,no
KXBTC15M-26JUN090500,"Target Price: $62,957.70",2026-06-09 04:45:00-04:00,2026-06-09 05:00:00-04:00,62827.15,62957.7,no
KXBTC15M-26JUN090445,"Target Price: $62,861.84",2026-06-09 04:30:00-04:00,2026-06-09 04:45:00-04:00,62957.70,62861.84,yes
KXBTC15M-26JUN090430,"Target Price: $62,887.96",2026-06-09 04:15:00-04:00,2026-06-09 04:30:00-04:00,62861.84,62887.96,no
KXBTC15M-26JUN090415,"Target Price: $63,161.68",2026-06-09 04:00:00-04:00,2026-06-09 04:15:00-04:00,62887.96,63161.68,no
KXBTC15M-26JUN090400,"Target Price: $63,153.95",2026-06-09 03:45:00-04:00,2026-06-09 04:00:00-04:00,63161.68,63153.95,yes
KXBTC15M-26JUN090345,"Target Price: $62,998.36",2026-06-09 03:30:00-04:00,2026-06-09 03:45:00-04:00,63153.95,62998.36,yes
KXBTC15M-26JUN090330,"Target Price: $63,286.58",2026-06-09 03:15:00-04:00,2026-06-09 03:30:00-04:00,62998.36,63286.58,no
KXBTC15M-26JUN090315,"Target Price: $63,260.17",2026-06-09 03:00:00-04:00,2026-06-09 03:15:00-04:00,63286.58,63260.17,yes
KXBTC15M-26JUN090300,"Target Price: $63,310.03",2026-06-09 02:45:00-04:00,2026-06-09 03:00:00-04:00,63260.17,63310.03,no
KXBTC15M-26JUN090245,"Target Price: $63,394.79",2026-06-09 02:30:00-04:00,2026-06-09 02:45:00-04:00,63310.03,63394.79,no
KXBTC15M-26JUN090230,"Target Price: $63,336.17",2026-06-09 02:15:00-04:00,2026-06-09 02:30:00-04:00,63394.79,63336.17,yes
KXBTC15M-26JUN090215,"Target Price: $63,317.07",2026-06-09 02:00:00-04:00,2026-06-09 02:15:00-04:00,63336.17,63317.07,yes
KXBTC15M-26JUN090200,"Target Price: $63,358.97",2026-06-09 01:45:00-04:00,2026-06-09 02:00:00-04:00,63317.07,63358.97,no
KXBTC15M-26JUN090145,"Target Price: $63,288.94",2026-06-09 01:30:00-04:00,2026-06-09 01:45:00-04:00,63358.97,63288.94,yes
KXBTC15M-26JUN090130,"Target Price: $63,228.38",2026-06-09 01:15:00-04:00,2026-06-09 01:30:00-04:00,63288.94,63228.38,yes
KXBTC15M-26JUN090115,"Target Price: $63,233.51",2026-06-09 01:00:00-04:00,2026-06-09 01:15:00-04:00,63228.38,63233.51,no
KXBTC15M-26JUN090100,"Target Price: $63,208.87",2026-06-09 00:45:00-04:00,2026-06-09 01:00:00-04:00,63233.51,63208.87,yes
KXBTC15M-26JUN090045,"Target Price: $62,772.58",2026-06-09 00:30:00-04:00,2026-06-09 00:45:00-04:00,63208.87,62772.58,yes
KXBTC15M-26JUN090030,"Target Price: $62,907.87",2026-06-09 00:15:00-04:00,2026-06-09 00:30:00-04:00,62772.58,62907.87,no
KXBTC15M-26JUN090015,"Target Price: $62,852.82",2026-06-09 00:00:00-04:00,2026-06-09 00:15:00-04:00,62907.87,62852.82,yes
KXBTC15M-26JUN090000,"Target Price: $62,789.13",2026-06-08 23:45:00-04:00,2026-06-09 00:00:00-04:00,62852.82,62789.13,yes
KXBTC15M-26JUN082345,"Target Price: $62,798.86",2026-06-08 23:30:00-04:00,2026-06-08 23:45:00-04:00,62789.13,62798.86,no
KXBTC15M-26JUN082330,"Target Price: $62,899.08",2026-06-08 23:15:00-04:00,2026-06-08 23:30:00-04:00,62798.86,62899.08,no
KXBTC15M-26JUN082315,"Target Price: $62,842.71",2026-06-08 23:00:00-04:00,2026-06-08 23:15:00-04:00,62899.08,62842.71,yes
KXBTC15M-26JUN082300,"Target Price: $62,605.88",2026-06-08 22:45:00-04:00,2026-06-08 23:00:00-04:00,62842.71,62605.88,yes
KXBTC15M-26JUN082245,"Target Price: $62,742.28",2026-06-08 22:30:00-04:00,2026-06-08 22:45:00-04:00,62605.88,62742.28,no
KXBTC15M-26JUN082230,"Target Price: $62,726.85",2026-06-08 22:15:00-04:00,2026-06-08 22:30:00-04:00,62742.28,62726.85,yes
KXBTC15M-26JUN082215,"Target Price: $62,773.52",2026-06-08 22:00:00-04:00,2026-06-08 22:15:00-04:00,62726.85,62773.52,no
KXBTC15M-26JUN082200,"Target Price: $62,684.46",2026-06-08 21:45:00-04:00,2026-06-08 22:00:00-04:00,62773.52,62684.46,yes
KXBTC15M-26JUN082145,"Target Price: $62,804.73",2026-06-08 21:30:00-04:00,2026-06-08 21:45:00-04:00,62684.46,62804.73,no
KXBTC15M-26JUN082130,"Target Price: $62,665.73",2026-06-08 21:15:00-04:00,2026-06-08 21:30:00-04:00,62804.73,62665.73,yes
KXBTC15M-26JUN082115,"Target Price: $62,529.57",2026-06-08 21:00:00-04:00,2026-06-08 21:15:00-04:00,62665.73,62529.57,yes
KXBTC15M-26JUN082100,"Target Price: $62,686.49",2026-06-08 20:45:00-04:00,2026-06-08 21:00:00-04:00,62529.57,62686.49,no
KXBTC15M-26JUN082045,"Target Price: $62,723.90",2026-06-08 20:30:00-04:00,2026-06-08 20:45:00-04:00,62686.49,62723.9,no
KXBTC15M-26JUN082030,"Target Price: $62,993.78",2026-06-08 20:15:00-04:00,2026-06-08 20:30:00-04:00,62723.90,62993.78,no
KXBTC15M-26JUN082015,"Target Price: $63,073.14",2026-06-08 20:00:00-04:00,2026-06-08 20:15:00-04:00,62993.78,63073.14,no
KXBTC15M-26JUN082000,"Target Price: $63,124.26",2026-06-08 19:45:00-04:00,2026-06-08 20:00:00-04:00,63073.14,63124.26,no
KXBTC15M-26JUN081945,"Target Price: $63,148.45",2026-06-08 19:30:00-04:00,2026-06-08 19:45:00-04:00,63124.26,63148.45,no
KXBTC15M-26JUN081930,"Target Price: $63,566.42",2026-06-08 19:15:00-04:00,2026-06-08 19:30:00-04:00,63148.45,63566.42,no
KXBTC15M-26JUN081915,"Target Price: $63,430.79",2026-06-08 19:00:00-04:00,2026-06-08 19:15:00-04:00,63566.42,63430.79,yes
KXBTC15M-26JUN081900,"Target Price: $63,288.74",2026-06-08 18:45:00-04:00,2026-06-08 19:00:00-04:00,63430.79,63288.74,yes
KXBTC15M-26JUN081845,"Target Price: $63,358.33",2026-06-08 18:30:00-04:00,2026-06-08 18:45:00-04:00,63288.74,63358.33,no
KXBTC15M-26JUN081830,"Target Price: $63,294.87",2026-06-08 18:15:00-04:00,2026-06-08 18:30:00-04:00,63358.33,63294.87,yes
KXBTC15M-26JUN081815,"Target Price: $63,739.73",2026-06-08 18:00:00-04:00,2026-06-08 18:15:00-04:00,63294.87,63739.73,no
KXBTC15M-26JUN081800,"Target Price: $63,814.93",2026-06-08 17:45:00-04:00,2026-06-08 18:00:00-04:00,63739.73,63814.93,no
KXBTC15M-26JUN081745,"Target Price: $63,704.03",2026-06-08 17:30:00-04:00,2026-06-08 17:45:00-04:00,63814.93,63704.03,yes
KXBTC15M-26JUN081730,"Target Price: $63,712.85",2026-06-08 17:15:00-04:00,2026-06-08 17:30:00-04:00,63704.03,63712.85,no
KXBTC15M-26JUN081715,"Target Price: $63,441.80",2026-06-08 17:00:00-04:00,2026-06-08 17:15:00-04:00,63712.85,63441.8,yes
KXBTC15M-26JUN081700,"Target Price: $63,367.18",2026-06-08 16:45:00-04:00,2026-06-08 17:00:00-04:00,63441.80,63367.18,yes
KXBTC15M-26JUN081645,"Target Price: $63,162.46",2026-06-08 16:30:00-04:00,2026-06-08 16:45:00-04:00,63367.18,63162.46,yes
KXBTC15M-26JUN081630,"Target Price: $63,231.91",2026-06-08 16:15:00-04:00,2026-06-08 16:30:00-04:00,63162.46,63231.91,no
KXBTC15M-26JUN081615,"Target Price: $63,363.18",2026-06-08 16:00:00-04:00,2026-06-08 16:15:00-04:00,63231.91,63363.18,no
KXBTC15M-26JUN081600,"Target Price: $63,476.47",2026-06-08 15:45:00-04:00,2026-06-08 16:00:00-04:00,63363.18,63476.47,no
KXBTC15M-26JUN081545,"Target Price: $63,499.30",2026-06-08 15:30:00-04:00,2026-06-08 15:45:00-04:00,63476.47,63499.3,no
KXBTC15M-26JUN081530,"Target Price: $63,434.53",2026-06-08 15:15:00-04:00,2026-06-08 15:30:00-04:00,63499.30,63434.53,yes
KXBTC15M-26JUN081515,"Target Price: $63,440.24",2026-06-08 15:00:00-04:00,2026-06-08 15:15:00-04:00,63434.53,63440.24,no
KXBTC15M-26JUN081500,"Target Price: $63,492.31",2026-06-08 14:45:00-04:00,2026-06-08 15:00:00-04:00,63440.24,63492.31,no
KXBTC15M-26JUN081445,"Target Price: $63,616.68",2026-06-08 14:30:00-04:00,2026-06-08 14:45:00-04:00,63492.31,63616.68,no
KXBTC15M-26JUN081430,"Target Price: $63,574.42",2026-06-08 14:15:00-04:00,2026-06-08 14:30:00-04:00,63616.68,63574.42,yes
KXBTC15M-26JUN081415,"Target Price: $63,509.40",2026-06-08 14:00:00-04:00,2026-06-08 14:15:00-04:00,63574.42,63509.4,yes
KXBTC15M-26JUN081400,"Target Price: $63,356.30",2026-06-08 13:45:00-04:00,2026-06-08 14:00:00-04:00,63509.40,63356.3,yes
KXBTC15M-26JUN081345,"Target Price: $63,602.37",2026-06-08 13:30:00-04:00,2026-06-08 13:45:00-04:00,63356.30,63602.37,no
KXBTC15M-26JUN081330,"Target Price: $63,333.62",2026-06-08 13:15:00-04:00,2026-06-08 13:30:00-04:00,63602.37,63333.62,yes
KXBTC15M-26JUN081315,"Target Price: $63,474.44",2026-06-08 13:00:00-04:00,2026-06-08 13:15:00-04:00,63333.62,63474.44,no
KXBTC15M-26JUN081300,"Target Price: $63,626.67",2026-06-08 12:45:00-04:00,2026-06-08 13:00:00-04:00,63474.44,63626.67,no
KXBTC15M-26JUN081245,"Target Price: $63,857.82",2026-06-08 12:30:00-04:00,2026-06-08 12:45:00-04:00,63626.67,63857.82,no
KXBTC15M-26JUN081230,"Target Price: $63,790.09",2026-06-08 12:15:00-04:00,2026-06-08 12:30:00-04:00,63857.82,63790.09,yes
KXBTC15M-26JUN081215,"Target Price: $63,717.24",2026-06-08 12:00:00-04:00,2026-06-08 12:15:00-04:00,63790.09,63717.24,yes
KXBTC15M-26JUN081200,"Target Price: $63,830.97",2026-06-08 11:45:00-04:00,2026-06-08 12:00:00-04:00,63717.24,63830.97,no
KXBTC15M-26JUN081145,"Target Price: $63,993.02",2026-06-08 11:30:00-04:00,2026-06-08 11:45:00-04:00,63830.97,63993.02,no
KXBTC15M-26JUN081130,"Target Price: $64,173.43",2026-06-08 11:15:00-04:00,2026-06-08 11:30:00-04:00,63993.02,64173.43,no
KXBTC15M-26JUN081115,"Target Price: $63,963.73",2026-06-08 11:00:00-04:00,2026-06-08 11:15:00-04:00,64173.43,63963.73,yes
KXBTC15M-26JUN081100,"Target Price: $63,871.60",2026-06-08 10:45:00-04:00,2026-06-08 11:00:00-04:00,63963.73,63871.6,yes
KXBTC15M-26JUN081045,"Target Price: $63,774.74",2026-06-08 10:30:00-04:00,2026-06-08 10:45:00-04:00,63871.60,63774.74,yes
KXBTC15M-26JUN081030,"Target Price: $63,839.52",2026-06-08 10:15:00-04:00,2026-06-08 10:30:00-04:00,63774.74,63839.52,no
KXBTC15M-26JUN081015,"Target Price: $63,751.15",2026-06-08 10:00:00-04:00,2026-06-08 10:15:00-04:00,63839.52,63751.15,yes
KXBTC15M-26JUN081000,"Target Price: $63,456.00",2026-06-08 09:45:00-04:00,2026-06-08 10:00:00-04:00,63751.15,63456.0,yes
KXBTC15M-26JUN080945,"Target Price: $63,556.74",2026-06-08 09:30:00-04:00,2026-06-08 09:45:00-04:00,63456.00,63556.74,no
KXBTC15M-26JUN080930,"Target Price: $63,786.25",2026-06-08 09:15:00-04:00,2026-06-08 09:30:00-04:00,63556.74,63786.25,no
KXBTC15M-26JUN080915,"Target Price: $63,809.45",2026-06-08 09:00:00-04:00,2026-06-08 09:15:00-04:00,63786.25,63809.45,no
KXBTC15M-26JUN080900,"Target Price: $63,576.37",2026-06-08 08:45:00-04:00,2026-06-08 09:00:00-04:00,63809.45,63576.37,yes
KXBTC15M-26JUN080845,"Target Price: $63,052.66",2026-06-08 08:30:00-04:00,2026-06-08 08:45:00-04:00,63576.37,63052.66,yes
KXBTC15M-26JUN080830,"Target Price: $62,863.34",2026-06-08 08:15:00-04:00,2026-06-08 08:30:00-04:00,63052.66,62863.34,yes
KXBTC15M-26JUN080815,"Target Price: $63,442.96",2026-06-08 08:00:00-04:00,2026-06-08 08:15:00-04:00,62863.34,63442.96,no
KXBTC15M-26JUN080800,"Target Price: $63,605.89",2026-06-08 07:45:00-04:00,2026-06-08 08:00:00-04:00,63442.96,63605.89,no
KXBTC15M-26JUN080745,"Target Price: $63,562.86",2026-06-08 07:30:00-04:00,2026-06-08 07:45:00-04:00,63605.89,63562.86,yes
KXBTC15M-26JUN080730,"Target Price: $63,351.33",2026-06-08 07:15:00-04:00,2026-06-08 07:30:00-04:00,63562.86,63351.33,yes
KXBTC15M-26JUN080715,"Target Price: $63,103.07",2026-06-08 07:00:00-04:00,2026-06-08 07:15:00-04:00,63351.33,63103.07,yes
KXBTC15M-26JUN080700,"Target Price: $63,192.37",2026-06-08 06:45:00-04:00,2026-06-08 07:00:00-04:00,63103.07,63192.37,no
KXBTC15M-26JUN080645,"Target Price: $63,091.30",2026-06-08 06:30:00-04:00,2026-06-08 06:45:00-04:00,63192.37,63091.3,yes
KXBTC15M-26JUN080630,"Target Price: $63,340.61",2026-06-08 06:15:00-04:00,2026-06-08 06:30:00-04:00,63091.30,63340.61,no
KXBTC15M-26JUN080615,"Target Price: $63,452.43",2026-06-08 06:00:00-04:00,2026-06-08 06:15:00-04:00,63340.61,63452.43,no
KXBTC15M-26JUN080600,"Target Price: $63,310.74",2026-06-08 05:45:00-04:00,2026-06-08 06:00:00-04:00,63452.43,63310.74,yes
KXBTC15M-26JUN080545,"Target Price: $63,372.01",2026-06-08 05:30:00-04:00,2026-06-08 05:45:00-04:00,63310.74,63372.01,no
KXBTC15M-26JUN080530,"Target Price: $63,253.96",2026-06-08 05:15:00-04:00,2026-06-08 05:30:00-04:00,63372.01,63253.96,yes
KXBTC15M-26JUN080515,"Target Price: $63,114.58",2026-06-08 05:00:00-04:00,2026-06-08 05:15:00-04:00,63253.96,63114.58,yes
KXBTC15M-26JUN080500,"Target Price: $63,127.04",2026-06-08 04:45:00-04:00,2026-06-08 05:00:00-04:00,63114.58,63127.04,no
KXBTC15M-26JUN080445,"Target Price: $63,051.84",2026-06-08 04:30:00-04:00,2026-06-08 04:45:00-04:00,63127.04,63051.84,yes
KXBTC15M-26JUN080430,"Target Price: $63,134.79",2026-06-08 04:15:00-04:00,2026-06-08 04:30:00-04:00,63051.84,63134.79,no
KXBTC15M-26JUN080415,"Target Price: $63,254.16",2026-06-08 04:00:00-04:00,2026-06-08 04:15:00-04:00,63134.79,63254.16,no
KXBTC15M-26JUN080400,"Target Price: $63,070.31",2026-06-08 03:45:00-04:00,2026-06-08 04:00:00-04:00,63254.16,63070.31,yes
KXBTC15M-26JUN080345,"Target Price: $63,160.76",2026-06-08 03:30:00-04:00,2026-06-08 03:45:00-04:00,63070.31,63160.76,no
KXBTC15M-26JUN080330,"Target Price: $63,071.02",2026-06-08 03:15:00-04:00,2026-06-08 03:30:00-04:00,63160.76,63071.02,yes
KXBTC15M-26JUN080315,"Target Price: $62,963.12",2026-06-08 03:00:00-04:00,2026-06-08 03:15:00-04:00,63071.02,62963.12,yes
KXBTC15M-26JUN080300,"Target Price: $63,001.56",2026-06-08 02:45:00-04:00,2026-06-08 03:00:00-04:00,62963.12,63001.56,no
KXBTC15M-26JUN080245,"Target Price: $63,047.43",2026-06-08 02:30:00-04:00,2026-06-08 02:45:00-04:00,63001.56,63047.43,no
KXBTC15M-26JUN080230,"Target Price: $62,922.06",2026-06-08 02:15:00-04:00,2026-06-08 02:30:00-04:00,63047.43,62922.06,yes
KXBTC15M-26JUN080215,"Target Price: $62,701.81",2026-06-08 02:00:00-04:00,2026-06-08 02:15:00-04:00,62922.06,62701.81,yes
KXBTC15M-26JUN080200,"Target Price: $62,450.66",2026-06-08 01:45:00-04:00,2026-06-08 02:00:00-04:00,62701.81,62450.66,yes
KXBTC15M-26JUN080145,"Target Price: $62,680.00",2026-06-08 01:30:00-04:00,2026-06-08 01:45:00-04:00,62450.66,62680.0,no
KXBTC15M-26JUN080130,"Target Price: $62,540.65",2026-06-08 01:15:00-04:00,2026-06-08 01:30:00-04:00,62680.00,62540.65,yes
KXBTC15M-26JUN080115,"Target Price: $62,735.86",2026-06-08 01:00:00-04:00,2026-06-08 01:15:00-04:00,62540.65,62735.86,no
KXBTC15M-26JUN080100,"Target Price: $62,683.32",2026-06-08 00:45:00-04:00,2026-06-08 01:00:00-04:00,62735.86,62683.32,yes
KXBTC15M-26JUN080045,"Target Price: $62,916.88",2026-06-08 00:30:00-04:00,2026-06-08 00:45:00-04:00,62683.32,62916.88,no
KXBTC15M-26JUN080030,"Target Price: $62,959.83",2026-06-08 00:15:00-04:00,2026-06-08 00:30:00-04:00,62916.88,62959.83,no
KXBTC15M-26JUN080015,"Target Price: $63,092.75",2026-06-08 00:00:00-04:00,2026-06-08 00:15:00-04:00,62959.83,63092.75,no
KXBTC15M-26JUN080000,"Target Price: $63,115.75",2026-06-07 23:45:00-04:00,2026-06-08 00:00:00-04:00,63092.75,63115.75,no
KXBTC15M-26JUN072345,"Target Price: $63,148.72",2026-06-07 23:30:00-04:00,2026-06-07 23:45:00-04:00,63115.75,63148.72,no
KXBTC15M-26JUN072330,"Target Price: $63,250.37",2026-06-07 23:15:00-04:00,2026-06-07 23:30:00-04:00,63148.72,63250.37,no
KXBTC15M-26JUN072315,"Target Price: $63,106.54",2026-06-07 23:00:00-04:00,2026-06-07 23:15:00-04:00,63250.37,63106.54,yes
KXBTC15M-26JUN072300,"Target Price: $63,041.95",2026-06-07 22:45:00-04:00,2026-06-07 23:00:00-04:00,63106.54,63041.95,yes
KXBTC15M-26JUN072245,"Target Price: $63,082.68",2026-06-07 22:30:00-04:00,2026-06-07 22:45:00-04:00,63041.95,63082.68,no
KXBTC15M-26JUN072230,"Target Price: $63,113.92",2026-06-07 22:15:00-04:00,2026-06-07 22:30:00-04:00,63082.68,63113.92,no
KXBTC15M-26JUN072215,"Target Price: $63,152.40",2026-06-07 22:00:00-04:00,2026-06-07 22:15:00-04:00,63113.92,63152.4,no
KXBTC15M-26JUN072200,"Target Price: $63,084.53",2026-06-07 21:45:00-04:00,2026-06-07 22:00:00-04:00,63152.40,63084.53,yes
KXBTC15M-26JUN072145,"Target Price: $62,782.92",2026-06-07 21:30:00-04:00,2026-06-07 21:45:00-04:00,63084.53,62782.92,yes
KXBTC15M-26JUN072130,"Target Price: $63,115.84",2026-06-07 21:15:00-04:00,2026-06-07 21:30:00-04:00,62782.92,63115.84,no
KXBTC15M-26JUN072115,"Target Price: $63,624.60",2026-06-07 21:00:00-04:00,2026-06-07 21:15:00-04:00,63115.84,63624.6,no
KXBTC15M-26JUN072100,"Target Price: $63,730.72",2026-06-07 20:45:00-04:00,2026-06-07 21:00:00-04:00,63624.60,63730.72,no
KXBTC15M-26JUN072045,"Target Price: $63,450.11",2026-06-07 20:30:00-04:00,2026-06-07 20:45:00-04:00,63730.72,63450.11,yes
KXBTC15M-26JUN072030,"Target Price: $63,194.53",2026-06-07 20:15:00-04:00,2026-06-07 20:30:00-04:00,63450.11,63194.53,yes
KXBTC15M-26JUN072015,"Target Price: $63,292.96",2026-06-07 20:00:00-04:00,2026-06-07 20:15:00-04:00,63194.53,63292.96,no
KXBTC15M-26JUN072000,"Target Price: $63,264.84",2026-06-07 19:45:00-04:00,2026-06-07 20:00:00-04:00,63292.96,63264.84,yes
KXBTC15M-26JUN071945,"Target Price: $63,228.17",2026-06-07 19:30:00-04:00,2026-06-07 19:45:00-04:00,63264.84,63228.17,yes
KXBTC15M-26JUN071930,"Target Price: $62,975.20",2026-06-07 19:15:00-04:00,2026-06-07 19:30:00-04:00,63228.17,62975.2,yes
KXBTC15M-26JUN071915,"Target Price: $62,879.77",2026-06-07 19:00:00-04:00,2026-06-07 19:15:00-04:00,62975.20,62879.77,yes
KXBTC15M-26JUN071900,"Target Price: $63,136.67",2026-06-07 18:45:00-04:00,2026-06-07 19:00:00-04:00,62879.77,63136.67,no
KXBTC15M-26JUN071845,"Target Price: $62,946.71",2026-06-07 18:30:00-04:00,2026-06-07 18:45:00-04:00,63136.67,62946.71,yes
KXBTC15M-26JUN071830,"Target Price: $62,925.26",2026-06-07 18:15:00-04:00,2026-06-07 18:30:00-04:00,62946.71,62925.26,yes
KXBTC15M-26JUN071815,"Target Price: $61,748.49",2026-06-07 18:00:00-04:00,2026-06-07 18:15:00-04:00,62925.26,61748.49,yes
KXBTC15M-26JUN071800,"Target Price: $61,695.39",2026-06-07 17:45:00-04:00,2026-06-07 18:00:00-04:00,61748.49,61695.39,yes
KXBTC15M-26JUN071745,"Target Price: $61,763.36",2026-06-07 17:30:00-04:00,2026-06-07 17:45:00-04:00,61695.39,61763.36,no
KXBTC15M-26JUN071730,"Target Price: $61,927.97",2026-06-07 17:15:00-04:00,2026-06-07 17:30:00-04:00,61763.36,61927.97,no
KXBTC15M-26JUN071715,"Target Price: $61,879.71",2026-06-07 17:00:00-04:00,2026-06-07 17:15:00-04:00,61927.97,61879.71,yes
KXBTC15M-26JUN071700,"Target Price: $61,760.73",2026-06-07 16:45:00-04:00,2026-06-07 17:00:00-04:00,61879.71,61760.73,yes
KXBTC15M-26JUN071645,"Target Price: $61,736.28",2026-06-07 16:30:00-04:00,2026-06-07 16:45:00-04:00,61760.73,61736.28,yes
KXBTC15M-26JUN071630,"Target Price: $61,555.75",2026-06-07 16:15:00-04:00,2026-06-07 16:30:00-04:00,61736.28,61555.75,yes
KXBTC15M-26JUN071615,"Target Price: $61,286.62",2026-06-07 16:00:00-04:00,2026-06-07 16:15:00-04:00,61555.75,61286.62,yes
KXBTC15M-26JUN071600,"Target Price: $61,203.82",2026-06-07 15:45:00-04:00,2026-06-07 16:00:00-04:00,61286.62,61203.82,yes
KXBTC15M-26JUN071545,"Target Price: $61,449.58",2026-06-07 15:30:00-04:00,2026-06-07 15:45:00-04:00,61203.82,61449.58,no
KXBTC15M-26JUN071530,"Target Price: $61,665.28",2026-06-07 15:15:00-04:00,2026-06-07 15:30:00-04:00,61449.58,61665.28,no
KXBTC15M-26JUN071515,"Target Price: $62,023.57",2026-06-07 15:00:00-04:00,2026-06-07 15:15:00-04:00,61665.28,62023.57,no
KXBTC15M-26JUN071500,"Target Price: $62,181.47",2026-06-07 14:45:00-04:00,2026-06-07 15:00:00-04:00,62023.57,62181.47,no
KXBTC15M-26JUN071445,"Target Price: $62,206.36",2026-06-07 14:30:00-04:00,2026-06-07 14:45:00-04:00,62181.47,62206.36,no
KXBTC15M-26JUN071430,"Target Price: $62,250.53",2026-06-07 14:15:00-04:00,2026-06-07 14:30:00-04:00,62206.36,62250.53,no
KXBTC15M-26JUN071415,"Target Price: $62,138.44",2026-06-07 14:00:00-04:00,2026-06-07 14:15:00-04:00,62250.53,62138.44,yes
KXBTC15M-26JUN071400,"Target Price: $62,253.92",2026-06-07 13:45:00-04:00,2026-06-07 14:00:00-04:00,62138.44,62253.92,no
KXBTC15M-26JUN071345,"Target Price: $62,238.48",2026-06-07 13:30:00-04:00,2026-06-07 13:45:00-04:00,62253.92,62238.48,yes
KXBTC15M-26JUN071330,"Target Price: $62,259.27",2026-06-07 13:15:00-04:00,2026-06-07 13:30:00-04:00,62238.48,62259.27,no
KXBTC15M-26JUN071315,"Target Price: $62,045.78",2026-06-07 13:00:00-04:00,2026-06-07 13:15:00-04:00,62259.27,62045.78,yes
KXBTC15M-26JUN071300,"Target Price: $62,158.97",2026-06-07 12:45:00-04:00,2026-06-07 13:00:00-04:00,62045.78,62158.97,no
KXBTC15M-26JUN071245,"Target Price: $62,159.93",2026-06-07 12:30:00-04:00,2026-06-07 12:45:00-04:00,62158.97,62159.93,no
KXBTC15M-26JUN071230,"Target Price: $62,131.43",2026-06-07 12:15:00-04:00,2026-06-07 12:30:00-04:00,62159.93,62131.43,yes
KXBTC15M-26JUN071215,"Target Price: $62,059.92",2026-06-07 12:00:00-04:00,2026-06-07 12:15:00-04:00,62131.43,62059.92,yes
KXBTC15M-26JUN071200,"Target Price: $62,091.91",2026-06-07 11:45:00-04:00,2026-06-07 12:00:00-04:00,62059.92,62091.91,no
KXBTC15M-26JUN071145,"Target Price: $61,933.97",2026-06-07 11:30:00-04:00,2026-06-07 11:45:00-04:00,62091.91,61933.97,yes
KXBTC15M-26JUN071130,"Target Price: $61,793.58",2026-06-07 11:15:00-04:00,2026-06-07 11:30:00-04:00,61933.97,61793.58,yes
KXBTC15M-26JUN071115,"Target Price: $61,881.47",2026-06-07 11:00:00-04:00,2026-06-07 11:15:00-04:00,61793.58,61881.47,no
KXBTC15M-26JUN071100,"Target Price: $61,978.94",2026-06-07 10:45:00-04:00,2026-06-07 11:00:00-04:00,61881.47,61978.94,no
KXBTC15M-26JUN071045,"Target Price: $62,041.20",2026-06-07 10:30:00-04:00,2026-06-07 10:45:00-04:00,61978.94,62041.2,no
KXBTC15M-26JUN071030,"Target Price: $61,789.56",2026-06-07 10:15:00-04:00,2026-06-07 10:30:00-04:00,62041.20,61789.56,yes
KXBTC15M-26JUN071015,"Target Price: $61,706.91",2026-06-07 10:00:00-04:00,2026-06-07 10:15:00-04:00,61789.56,61706.91,yes
KXBTC15M-26JUN071000,"Target Price: $61,726.08",2026-06-07 09:45:00-04:00,2026-06-07 10:00:00-04:00,61706.91,61726.08,no
KXBTC15M-26JUN070945,"Target Price: $61,816.80",2026-06-07 09:30:00-04:00,2026-06-07 09:45:00-04:00,61726.08,61816.8,no
KXBTC15M-26JUN070930,"Target Price: $61,702.62",2026-06-07 09:15:00-04:00,2026-06-07 09:30:00-04:00,61816.80,61702.62,yes
KXBTC15M-26JUN070915,"Target Price: $61,887.70",2026-06-07 09:00:00-04:00,2026-06-07 09:15:00-04:00,61702.62,61887.7,no
KXBTC15M-26JUN070900,"Target Price: $61,625.67",2026-06-07 08:45:00-04:00,2026-06-07 09:00:00-04:00,61887.70,61625.67,yes
KXBTC15M-26JUN070845,"Target Price: $61,933.02",2026-06-07 08:30:00-04:00,2026-06-07 08:45:00-04:00,61625.67,61933.02,no
KXBTC15M-26JUN070830,"Target Price: $62,095.79",2026-06-07 08:15:00-04:00,2026-06-07 08:30:00-04:00,61933.02,62095.79,no
KXBTC15M-26JUN070815,"Target Price: $62,613.86",2026-06-07 08:00:00-04:00,2026-06-07 08:15:00-04:00,62095.79,62613.86,no
KXBTC15M-26JUN070800,"Target Price: $62,653.03",2026-06-07 07:45:00-04:00,2026-06-07 08:00:00-04:00,62613.86,62653.03,no
KXBTC15M-26JUN070745,"Target Price: $62,523.16",2026-06-07 07:30:00-04:00,2026-06-07 07:45:00-04:00,62653.03,62523.16,yes
KXBTC15M-26JUN070730,"Target Price: $62,449.70",2026-06-07 07:15:00-04:00,2026-06-07 07:30:00-04:00,62523.16,62449.7,yes
KXBTC15M-26JUN070715,"Target Price: $62,353.89",2026-06-07 07:00:00-04:00,2026-06-07 07:15:00-04:00,62449.70,62353.89,yes
KXBTC15M-26JUN070700,"Target Price: $62,332.03",2026-06-07 06:45:00-04:00,2026-06-07 07:00:00-04:00,62353.89,62332.03,yes
KXBTC15M-26JUN070645,"Target Price: $62,488.72",2026-06-07 06:30:00-04:00,2026-06-07 06:45:00-04:00,62332.03,62488.72,no
KXBTC15M-26JUN070630,"Target Price: $62,394.72",2026-06-07 06:15:00-04:00,2026-06-07 06:30:00-04:00,62488.72,62394.72,yes
KXBTC15M-26JUN070615,"Target Price: $62,509.60",2026-06-07 06:00:00-04:00,2026-06-07 06:15:00-04:00,62394.72,62509.6,no
KXBTC15M-26JUN070600,"Target Price: $62,530.64",2026-06-07 05:45:00-04:00,2026-06-07 06:00:00-04:00,62509.60,62530.64,no
KXBTC15M-26JUN070545,"Target Price: $62,659.86",2026-06-07 05:30:00-04:00,2026-06-07 05:45:00-04:00,62530.64,62659.86,no
KXBTC15M-26JUN070530,"Target Price: $62,792.73",2026-06-07 05:15:00-04:00,2026-06-07 05:30:00-04:00,62659.86,62792.73,no
KXBTC15M-26JUN070515,"Target Price: $62,816.58",2026-06-07 05:00:00-04:00,2026-06-07 05:15:00-04:00,62792.73,62816.58,no
KXBTC15M-26JUN070500,"Target Price: $62,526.76",2026-06-07 04:45:00-04:00,2026-06-07 05:00:00-04:00,62816.58,62526.76,yes
KXBTC15M-26JUN070445,"Target Price: $62,517.78",2026-06-07 04:30:00-04:00,2026-06-07 04:45:00-04:00,62526.76,62517.78,yes
KXBTC15M-26JUN070430,"Target Price: $62,346.27",2026-06-07 04:15:00-04:00,2026-06-07 04:30:00-04:00,62517.78,62346.27,yes
KXBTC15M-26JUN070415,"Target Price: $62,377.64",2026-06-07 04:00:00-04:00,2026-06-07 04:15:00-04:00,62346.27,62377.64,no
KXBTC15M-26JUN070400,"Target Price: $62,203.85",2026-06-07 03:45:00-04:00,2026-06-07 04:00:00-04:00,62377.64,62203.85,yes
KXBTC15M-26JUN070345,"Target Price: $62,194.96",2026-06-07 03:30:00-04:00,2026-06-07 03:45:00-04:00,62203.85,62194.96,yes
KXBTC15M-26JUN070330,"Target Price: $62,111.14",2026-06-07 03:15:00-04:00,2026-06-07 03:30:00-04:00,62194.96,62111.14,yes
KXBTC15M-26JUN070315,"Target Price: $62,123.38",2026-06-07 03:00:00-04:00,2026-06-07 03:15:00-04:00,62111.14,62123.38,no
KXBTC15M-26JUN070300,"Target Price: $62,180.94",2026-06-07 02:45:00-04:00,2026-06-07 03:00:00-04:00,62123.38,62180.94,no
KXBTC15M-26JUN070245,"Target Price: $61,967.60",2026-06-07 02:30:00-04:00,2026-06-07 02:45:00-04:00,62180.94,61967.6,yes
KXBTC15M-26JUN070230,"Target Price: $61,689.82",2026-06-07 02:15:00-04:00,2026-06-07 02:30:00-04:00,61967.60,61689.82,yes
KXBTC15M-26JUN070215,"Target Price: $61,739.34",2026-06-07 02:00:00-04:00,2026-06-07 02:15:00-04:00,61689.82,61739.34,no
KXBTC15M-26JUN070200,"Target Price: $61,795.09",2026-06-07 01:45:00-04:00,2026-06-07 02:00:00-04:00,61739.34,61795.09,no
KXBTC15M-26JUN070145,"Target Price: $61,729.75",2026-06-07 01:30:00-04:00,2026-06-07 01:45:00-04:00,61795.09,61729.75,yes
KXBTC15M-26JUN070130,"Target Price: $61,884.50",2026-06-07 01:15:00-04:00,2026-06-07 01:30:00-04:00,61729.75,61884.5,no
KXBTC15M-26JUN070115,"Target Price: $61,874.21",2026-06-07 01:00:00-04:00,2026-06-07 01:15:00-04:00,61884.50,61874.21,yes
KXBTC15M-26JUN070100,"Target Price: $61,714.88",2026-06-07 00:45:00-04:00,2026-06-07 01:00:00-04:00,61874.21,61714.88,yes
KXBTC15M-26JUN070045,"Target Price: $61,529.82",2026-06-07 00:30:00-04:00,2026-06-07 00:45:00-04:00,61714.88,61529.82,yes
KXBTC15M-26JUN070030,"Target Price: $61,518.26",2026-06-07 00:15:00-04:00,2026-06-07 00:30:00-04:00,61529.82,61518.26,yes
KXBTC15M-26JUN070015,"Target Price: $61,685.90",2026-06-07 00:00:00-04:00,2026-06-07 00:15:00-04:00,61518.26,61685.9,no
KXBTC15M-26JUN070000,"Target Price: $61,632.25",2026-06-06 23:45:00-04:00,2026-06-07 00:00:00-04:00,61685.90,61632.25,yes
KXBTC15M-26JUN062345,"Target Price: $61,630.95",2026-06-06 23:30:00-04:00,2026-06-06 23:45:00-04:00,61632.25,61630.95,yes
KXBTC15M-26JUN062330,"Target Price: $61,494.35",2026-06-06 23:15:00-04:00,2026-06-06 23:30:00-04:00,61630.95,61494.35,yes
KXBTC15M-26JUN062315,"Target Price: $61,480.47",2026-06-06 23:00:00-04:00,2026-06-06 23:15:00-04:00,61494.35,61480.47,yes
KXBTC15M-26JUN062300,"Target Price: $61,275.29",2026-06-06 22:45:00-04:00,2026-06-06 23:00:00-04:00,61480.47,61275.29,yes
KXBTC15M-26JUN062245,"Target Price: $61,221.03",2026-06-06 22:30:00-04:00,2026-06-06 22:45:00-04:00,61275.29,61221.03,yes
KXBTC15M-26JUN062230,"Target Price: $61,416.74",2026-06-06 22:15:00-04:00,2026-06-06 22:30:00-04:00,61221.03,61416.74,no
KXBTC15M-26JUN062215,"Target Price: $61,469.13",2026-06-06 22:00:00-04:00,2026-06-06 22:15:00-04:00,61416.74,61469.13,no
KXBTC15M-26JUN062200,"Target Price: $61,413.62",2026-06-06 21:45:00-04:00,2026-06-06 22:00:00-04:00,61469.13,61413.62,yes
KXBTC15M-26JUN062145,"Target Price: $61,602.00",2026-06-06 21:30:00-04:00,2026-06-06 21:45:00-04:00,61413.62,61602.0,no
KXBTC15M-26JUN062130,"Target Price: $61,315.11",2026-06-06 21:15:00-04:00,2026-06-06 21:30:00-04:00,61602.00,61315.11,yes
KXBTC15M-26JUN062115,"Target Price: $60,765.73",2026-06-06 21:00:00-04:00,2026-06-06 21:15:00-04:00,61315.11,60765.73,yes
KXBTC15M-26JUN062100,"Target Price: $60,787.88",2026-06-06 20:45:00-04:00,2026-06-06 21:00:00-04:00,60765.73,60787.88,no
KXBTC15M-26JUN062045,"Target Price: $60,781.22",2026-06-06 20:30:00-04:00,2026-06-06 20:45:00-04:00,60787.88,60781.22,yes
KXBTC15M-26JUN062030,"Target Price: $60,802.02",2026-06-06 20:15:00-04:00,2026-06-06 20:30:00-04:00,60781.22,60802.02,no
KXBTC15M-26JUN062015,"Target Price: $60,861.15",2026-06-06 20:00:00-04:00,2026-06-06 20:15:00-04:00,60802.02,60861.15,no
KXBTC15M-26JUN062000,"Target Price: $60,848.98",2026-06-06 19:45:00-04:00,2026-06-06 20:00:00-04:00,60861.15,60848.98,yes
KXBTC15M-26JUN061945,"Target Price: $60,676.17",2026-06-06 19:30:00-04:00,2026-06-06 19:45:00-04:00,60848.98,60676.17,yes
KXBTC15M-26JUN061930,"Target Price: $60,715.95",2026-06-06 19:15:00-04:00,2026-06-06 19:30:00-04:00,60676.17,60715.95,no
KXBTC15M-26JUN061915,"Target Price: $60,584.16",2026-06-06 19:00:00-04:00,2026-06-06 19:15:00-04:00,60715.95,60584.16,yes
KXBTC15M-26JUN061900,"Target Price: $60,550.66",2026-06-06 18:45:00-04:00,2026-06-06 19:00:00-04:00,60584.16,60550.66,yes
KXBTC15M-26JUN061845,"Target Price: $60,429.72",2026-06-06 18:30:00-04:00,2026-06-06 18:45:00-04:00,60550.66,60429.72,yes
KXBTC15M-26JUN061830,"Target Price: $60,606.84",2026-06-06 18:15:00-04:00,2026-06-06 18:30:00-04:00,60429.72,60606.84,no
KXBTC15M-26JUN061815,"Target Price: $60,730.06",2026-06-06 18:00:00-04:00,2026-06-06 18:15:00-04:00,60606.84,60730.06,no
KXBTC15M-26JUN061800,"Target Price: $60,813.99",2026-06-06 17:45:00-04:00,2026-06-06 18:00:00-04:00,60730.06,60813.99,no
KXBTC15M-26JUN061745,"Target Price: $60,872.75",2026-06-06 17:30:00-04:00,2026-06-06 17:45:00-04:00,60813.99,60872.75,no
KXBTC15M-26JUN061730,"Target Price: $60,809.80",2026-06-06 17:15:00-04:00,2026-06-06 17:30:00-04:00,60872.75,60809.8,yes
KXBTC15M-26JUN061715,"Target Price: $60,691.66",2026-06-06 17:00:00-04:00,2026-06-06 17:15:00-04:00,60809.80,60691.66,yes
KXBTC15M-26JUN061700,"Target Price: $60,713.39",2026-06-06 16:45:00-04:00,2026-06-06 17:00:00-04:00,60691.66,60713.39,no
KXBTC15M-26JUN061645,"Target Price: $60,561.99",2026-06-06 16:30:00-04:00,2026-06-06 16:45:00-04:00,60713.39,60561.99,yes
KXBTC15M-26JUN061630,"Target Price: $60,557.41",2026-06-06 16:15:00-04:00,2026-06-06 16:30:00-04:00,60561.99,60557.41,yes
KXBTC15M-26JUN061615,"Target Price: $60,575.84",2026-06-06 16:00:00-04:00,2026-06-06 16:15:00-04:00,60557.41,60575.84,no
KXBTC15M-26JUN061600,"Target Price: $60,587.60",2026-06-06 15:45:00-04:00,2026-06-06 16:00:00-04:00,60575.84,60587.6,no
KXBTC15M-26JUN061545,"Target Price: $60,591.46",2026-06-06 15:30:00-04:00,2026-06-06 15:45:00-04:00,60587.60,60591.46,no
KXBTC15M-26JUN061530,"Target Price: $60,720.43",2026-06-06 15:15:00-04:00,2026-06-06 15:30:00-04:00,60591.46,60720.43,no
KXBTC15M-26JUN061515,"Target Price: $60,616.98",2026-06-06 15:00:00-04:00,2026-06-06 15:15:00-04:00,60720.43,60616.98,yes
KXBTC15M-26JUN061500,"Target Price: $60,579.86",2026-06-06 14:45:00-04:00,2026-06-06 15:00:00-04:00,60616.98,60579.86,yes
KXBTC15M-26JUN061445,"Target Price: $60,704.40",2026-06-06 14:30:00-04:00,2026-06-06 14:45:00-04:00,60579.86,60704.4,no
KXBTC15M-26JUN061430,"Target Price: $60,477.94",2026-06-06 14:15:00-04:00,2026-06-06 14:30:00-04:00,60704.40,60477.94,yes
KXBTC15M-26JUN061415,"Target Price: $60,560.46",2026-06-06 14:00:00-04:00,2026-06-06 14:15:00-04:00,60477.94,60560.46,no
KXBTC15M-26JUN061400,"Target Price: $60,663.66",2026-06-06 13:45:00-04:00,2026-06-06 14:00:00-04:00,60560.46,60663.66,no
KXBTC15M-26JUN061345,"Target Price: $60,647.48",2026-06-06 13:30:00-04:00,2026-06-06 13:45:00-04:00,60663.66,60647.48,yes
KXBTC15M-26JUN061330,"Target Price: $60,698.67",2026-06-06 13:15:00-04:00,2026-06-06 13:30:00-04:00,60647.48,60698.67,no
KXBTC15M-26JUN061315,"Target Price: $60,737.27",2026-06-06 13:00:00-04:00,2026-06-06 13:15:00-04:00,60698.67,60737.27,no
KXBTC15M-26JUN061300,"Target Price: $60,710.04",2026-06-06 12:45:00-04:00,2026-06-06 13:00:00-04:00,60737.27,60710.04,yes
KXBTC15M-26JUN061245,"Target Price: $60,608.46",2026-06-06 12:30:00-04:00,2026-06-06 12:45:00-04:00,60710.04,60608.46,yes
KXBTC15M-26JUN061230,"Target Price: $60,769.58",2026-06-06 12:15:00-04:00,2026-06-06 12:30:00-04:00,60608.46,60769.58,no
KXBTC15M-26JUN061215,"Target Price: $60,775.32",2026-06-06 12:00:00-04:00,2026-06-06 12:15:00-04:00,60769.58,60775.32,no
KXBTC15M-26JUN061200,"Target Price: $60,844.59",2026-06-06 11:45:00-04:00,2026-06-06 12:00:00-04:00,60775.32,60844.59,no
KXBTC15M-26JUN061145,"Target Price: $60,638.20",2026-06-06 11:30:00-04:00,2026-06-06 11:45:00-04:00,60844.59,60638.2,yes
KXBTC15M-26JUN061130,"Target Price: $60,595.38",2026-06-06 11:15:00-04:00,2026-06-06 11:30:00-04:00,60638.20,60595.38,yes
KXBTC15M-26JUN061115,"Target Price: $60,780.19",2026-06-06 11:00:00-04:00,2026-06-06 11:15:00-04:00,60595.38,60780.19,no
KXBTC15M-26JUN061100,"Target Price: $60,936.79",2026-06-06 10:45:00-04:00,2026-06-06 11:00:00-04:00,60780.19,60936.79,no
KXBTC15M-26JUN061045,"Target Price: $60,844.17",2026-06-06 10:30:00-04:00,2026-06-06 10:45:00-04:00,60936.79,60844.17,yes
KXBTC15M-26JUN061030,"Target Price: $60,880.89",2026-06-06 10:15:00-04:00,2026-06-06 10:30:00-04:00,60844.17,60880.89,no
KXBTC15M-26JUN061015,"Target Price: $60,789.64",2026-06-06 10:00:00-04:00,2026-06-06 10:15:00-04:00,60880.89,60789.64,yes
KXBTC15M-26JUN061000,"Target Price: $60,846.04",2026-06-06 09:45:00-04:00,2026-06-06 10:00:00-04:00,60789.64,60846.04,no
KXBTC15M-26JUN060945,"Target Price: $60,867.52",2026-06-06 09:30:00-04:00,2026-06-06 09:45:00-04:00,60846.04,60867.52,no
KXBTC15M-26JUN060930,"Target Price: $60,988.97",2026-06-06 09:15:00-04:00,2026-06-06 09:30:00-04:00,60867.52,60988.97,no
KXBTC15M-26JUN060915,"Target Price: $61,003.73",2026-06-06 09:00:00-04:00,2026-06-06 09:15:00-04:00,60988.97,61003.73,no
KXBTC15M-26JUN060900,"Target Price: $60,805.87",2026-06-06 08:45:00-04:00,2026-06-06 09:00:00-04:00,61003.73,60805.87,yes
KXBTC15M-26JUN060845,"Target Price: $60,722.83",2026-06-06 08:30:00-04:00,2026-06-06 08:45:00-04:00,60805.87,60722.83,yes
KXBTC15M-26JUN060830,"Target Price: $61,016.57",2026-06-06 08:15:00-04:00,2026-06-06 08:30:00-04:00,60722.83,61016.57,no
KXBTC15M-26JUN060815,"Target Price: $60,759.07",2026-06-06 08:00:00-04:00,2026-06-06 08:15:00-04:00,61016.57,60759.07,yes
KXBTC15M-26JUN060800,"Target Price: $60,803.66",2026-06-06 07:45:00-04:00,2026-06-06 08:00:00-04:00,60759.07,60803.66,no
KXBTC15M-26JUN060745,"Target Price: $60,780.88",2026-06-06 07:30:00-04:00,2026-06-06 07:45:00-04:00,60803.66,60780.88,yes
KXBTC15M-26JUN060730,"Target Price: $60,601.06",2026-06-06 07:15:00-04:00,2026-06-06 07:30:00-04:00,60780.88,60601.06,yes
KXBTC15M-26JUN060715,"Target Price: $60,548.21",2026-06-06 07:00:00-04:00,2026-06-06 07:15:00-04:00,60601.06,60548.21,yes
KXBTC15M-26JUN060700,"Target Price: $60,387.64",2026-06-06 06:45:00-04:00,2026-06-06 07:00:00-04:00,60548.21,60387.64,yes
KXBTC15M-26JUN060645,"Target Price: $60,585.43",2026-06-06 06:30:00-04:00,2026-06-06 06:45:00-04:00,60387.64,60585.43,no
KXBTC15M-26JUN060630,"Target Price: $60,608.78",2026-06-06 06:15:00-04:00,2026-06-06 06:30:00-04:00,60585.43,60608.78,no
KXBTC15M-26JUN060615,"Target Price: $60,949.89",2026-06-06 06:00:00-04:00,2026-06-06 06:15:00-04:00,60608.78,60949.89,no
KXBTC15M-26JUN060600,"Target Price: $61,084.76",2026-06-06 05:45:00-04:00,2026-06-06 06:00:00-04:00,60949.89,61084.76,no
KXBTC15M-26JUN060545,"Target Price: $61,282.70",2026-06-06 05:30:00-04:00,2026-06-06 05:45:00-04:00,61084.76,61282.7,no
KXBTC15M-26JUN060530,"Target Price: $61,227.29",2026-06-06 05:15:00-04:00,2026-06-06 05:30:00-04:00,61282.70,61227.29,yes
KXBTC15M-26JUN060515,"Target Price: $61,244.72",2026-06-06 05:00:00-04:00,2026-06-06 05:15:00-04:00,61227.29,61244.72,no
KXBTC15M-26JUN060500,"Target Price: $61,348.93",2026-06-06 04:45:00-04:00,2026-06-06 05:00:00-04:00,61244.72,61348.93,no
KXBTC15M-26JUN060445,"Target Price: $61,391.37",2026-06-06 04:30:00-04:00,2026-06-06 04:45:00-04:00,61348.93,61391.37,no
KXBTC15M-26JUN060430,"Target Price: $61,106.93",2026-06-06 04:15:00-04:00,2026-06-06 04:30:00-04:00,61391.37,61106.93,yes
KXBTC15M-26JUN060415,"Target Price: $60,972.98",2026-06-06 04:00:00-04:00,2026-06-06 04:15:00-04:00,61106.93,60972.98,yes
KXBTC15M-26JUN060400,"Target Price: $61,028.49",2026-06-06 03:45:00-04:00,2026-06-06 04:00:00-04:00,60972.98,61028.49,no
KXBTC15M-26JUN060345,"Target Price: $60,863.73",2026-06-06 03:30:00-04:00,2026-06-06 03:45:00-04:00,61028.49,60863.73,yes
KXBTC15M-26JUN060330,"Target Price: $61,045.96",2026-06-06 03:15:00-04:00,2026-06-06 03:30:00-04:00,60863.73,61045.96,no
KXBTC15M-26JUN060315,"Target Price: $60,745.10",2026-06-06 03:00:00-04:00,2026-06-06 03:15:00-04:00,61045.96,60745.1,yes
KXBTC15M-26JUN060300,"Target Price: $60,806.48",2026-06-06 02:45:00-04:00,2026-06-06 03:00:00-04:00,60745.10,60806.48,no
KXBTC15M-26JUN060245,"Target Price: $61,013.03",2026-06-06 02:30:00-04:00,2026-06-06 02:45:00-04:00,60806.48,61013.03,no
KXBTC15M-26JUN060230,"Target Price: $61,122.92",2026-06-06 02:15:00-04:00,2026-06-06 02:30:00-04:00,61013.03,61122.92,no
KXBTC15M-26JUN060215,"Target Price: $60,930.92",2026-06-06 02:00:00-04:00,2026-06-06 02:15:00-04:00,61122.92,60930.92,yes
KXBTC15M-26JUN060200,"Target Price: $60,768.86",2026-06-06 01:45:00-04:00,2026-06-06 02:00:00-04:00,60930.92,60768.86,yes
KXBTC15M-26JUN060145,"Target Price: $60,734.78",2026-06-06 01:30:00-04:00,2026-06-06 01:45:00-04:00,60768.86,60734.78,yes
KXBTC15M-26JUN060130,"Target Price: $59,932.20",2026-06-06 01:15:00-04:00,2026-06-06 01:30:00-04:00,60734.78,59932.2,yes
KXBTC15M-26JUN060115,"Target Price: $60,080.82",2026-06-06 01:00:00-04:00,2026-06-06 01:15:00-04:00,59932.20,60080.82,no
KXBTC15M-26JUN060100,"Target Price: $59,802.48",2026-06-06 00:45:00-04:00,2026-06-06 01:00:00-04:00,60080.82,59802.48,yes
KXBTC15M-26JUN060045,"Target Price: $59,947.98",2026-06-06 00:30:00-04:00,2026-06-06 00:45:00-04:00,59802.48,59947.98,no
KXBTC15M-26JUN060030,"Target Price: $60,123.60",2026-06-06 00:15:00-04:00,2026-06-06 00:30:00-04:00,59947.98,60123.6,no
KXBTC15M-26JUN060015,"Target Price: $60,670.30",2026-06-06 00:00:00-04:00,2026-06-06 00:15:00-04:00,60123.60,60670.3,no
KXBTC15M-26JUN060000,"Target Price: $60,636.91",2026-06-05 23:45:00-04:00,2026-06-06 00:00:00-04:00,60670.30,60636.91,yes
KXBTC15M-26JUN052345,"Target Price: $60,770.85",2026-06-05 23:30:00-04:00,2026-06-05 23:45:00-04:00,60636.91,60770.85,no
KXBTC15M-26JUN052330,"Target Price: $60,877.52",2026-06-05 23:15:00-04:00,2026-06-05 23:30:00-04:00,60770.85,60877.52,no
KXBTC15M-26JUN052315,"Target Price: $60,954.07",2026-06-05 23:00:00-04:00,2026-06-05 23:15:00-04:00,60877.52,60954.07,no
KXBTC15M-26JUN052300,"Target Price: $60,932.69",2026-06-05 22:45:00-04:00,2026-06-05 23:00:00-04:00,60954.07,60932.69,yes
KXBTC15M-26JUN052245,"Target Price: $60,828.36",2026-06-05 22:30:00-04:00,2026-06-05 22:45:00-04:00,60932.69,60828.36,yes
KXBTC15M-26JUN052230,"Target Price: $60,876.98",2026-06-05 22:15:00-04:00,2026-06-05 22:30:00-04:00,60828.36,60876.98,no
KXBTC15M-26JUN052215,"Target Price: $61,074.46",2026-06-05 22:00:00-04:00,2026-06-05 22:15:00-04:00,60876.98,61074.46,no
KXBTC15M-26JUN052200,"Target Price: $61,038.88",2026-06-05 21:45:00-04:00,2026-06-05 22:00:00-04:00,61074.46,61038.88,yes
KXBTC15M-26JUN052145,"Target Price: $61,262.04",2026-06-05 21:30:00-04:00,2026-06-05 21:45:00-04:00,61038.88,61262.04,no
KXBTC15M-26JUN052130,"Target Price: $61,120.91",2026-06-05 21:15:00-04:00,2026-06-05 21:30:00-04:00,61262.04,61120.91,yes
KXBTC15M-26JUN052115,"Target Price: $61,266.30",2026-06-05 21:00:00-04:00,2026-06-05 21:15:00-04:00,61120.91,61266.3,no
KXBTC15M-26JUN052100,"Target Price: $61,217.03",2026-06-05 20:45:00-04:00,2026-06-05 21:00:00-04:00,61266.30,61217.03,yes
KXBTC15M-26JUN052045,"Target Price: $61,295.83",2026-06-05 20:30:00-04:00,2026-06-05 20:45:00-04:00,61217.03,61295.83,no
KXBTC15M-26JUN052030,"Target Price: $61,405.05",2026-06-05 20:15:00-04:00,2026-06-05 20:30:00-04:00,61295.83,61405.05,no
KXBTC15M-26JUN052015,"Target Price: $60,967.28",2026-06-05 20:00:00-04:00,2026-06-05 20:15:00-04:00,61405.05,60967.28,yes
KXBTC15M-26JUN052000,"Target Price: $60,775.28",2026-06-05 19:45:00-04:00,2026-06-05 20:00:00-04:00,60967.28,60775.28,yes
