timestamp,price
2026-04-28 02:00:00,77092.20841834374
2026-04-28 03:00:00,76880.1830745387
2026-04-28 04:00:00,76811.08559285454
2026-04-28 05:00:00,76917.49574777157
2026-04-28 06:00:00,76924.25727881525
2026-04-28 07:00:00,76700.47116375205
2026-04-28 08:00:00,76872.23149345712
2026-04-28 09:00:00,76840.47490254944
2026-04-28 10:00:00,76595.39678395318
2026-04-28 11:00:00,76624.23469793862
2026-04-28 12:00:00,76210.32158110656
2026-04-28 13:00:00,76353.00350018039
2026-04-28 14:00:00,76179.83756212507
2026-04-28 15:00:00,75900.33374577716
2026-04-28 16:00:00,76041.19516612125
2026-04-28 17:00:00,76116.07644503265
2026-04-28 18:00:00,76159.50981703018
2026-04-28 19:00:00,76231.00632581548
2026-04-28 20:00:00,76323.95972945874
2026-04-28 21:00:00,76457.98721881601
2026-04-28 22:00:00,76357.78892498677
2026-04-28 23:00:00,76214.17857189363
2026-04-29 00:00:00,76331.86443470464
2026-04-29 01:00:00,76482.74554049068
2026-04-29 02:00:00,76552.68099963233
2026-04-29 03:00:00,76501.20247165972
2026-04-29 04:00:00,76979.85884575281
2026-04-29 05:00:00,77264.4125747919
2026-04-29 06:00:00,77263.2057203791
2026-04-29 07:00:00,77015.50824836911
2026-04-29 08:00:00,77040.60417184216
2026-04-29 09:00:00,77034.11002241583
2026-04-29 10:00:00,77654.71785294599
2026-04-29 11:00:00,77607.50604661656
2026-04-29 12:00:00,77582.31413324727
2026-04-29 13:00:00,77131.03134823615
2026-04-29 14:00:00,76777.62520932933
2026-04-29 15:00:00,76558.93771003865
2026-04-29 16:00:00,75857.66734911258
2026-04-29 17:00:00,75760.27780886367
2026-04-29 18:00:00,76081.43685375764
2026-04-29 19:00:00,75468.36108406863
2026-04-29 20:00:00,75562.29888092859
2026-04-29 21:00:00,75701.6994096244
2026-04-29 22:00:00,75910.2894823814
2026-04-29 23:00:00,75910.68269692421
2026-04-30 00:00:00,75784.95743624517
2026-04-30 01:00:00,76250.01408807852
2026-04-30 02:00:00,76206.85772357158
2026-04-30 03:00:00,75692.18511454856
2026-04-30 04:00:00,75905.35234841179
2026-04-30 05:00:00,75468.95673490499
2026-04-30 06:00:00,75581.88456131189
2026-04-30 07:00:00,75727.67094811366
2026-04-30 08:00:00,76101.01000005315
2026-04-30 09:00:00,76033.36666393217
2026-04-30 10:00:00,76093.53377989102
2026-04-30 11:00:00,76002.48449655807
2026-04-30 12:00:00,76023.86194029631
2026-04-30 13:00:00,76300.57089629352
2026-04-30 14:00:00,76404.73145687747
2026-04-30 15:00:00,76290.8937742779
2026-04-30 16:00:00,76466.99511109163
2026-04-30 17:00:00,76223.77393362843
2026-04-30 18:00:00,76243.40774453875
2026-04-30 19:00:00,76328.29551596516
2026-04-30 20:00:00,76401.9176935733
2026-04-30 21:00:00,76466.438389814
2026-04-30 22:00:00,76248.21955048387
2026-04-30 23:00:00,76204.92759158948
2026-05-01 00:00:00,76296.7964844269
2026-05-01 01:00:00,76392.05968947186
2026-05-01 02:00:00,76663.68119261962
2026-05-01 03:00:00,76554.07364369437
2026-05-01 04:00:00,77097.01952809257
2026-05-01 05:00:00,77013.79017489191
2026-05-01 06:00:00,77125.34488611674
2026-05-01 07:00:00,77023.54920529101
2026-05-01 08:00:00,77099.79820123348
2026-05-01 09:00:00,77357.19322181061
2026-05-01 10:00:00,77248.51348685545
2026-05-01 11:00:00,77281.92916598736
2026-05-01 12:00:00,77447.69629980676
2026-05-01 13:00:00,77931.35918109783
2026-05-01 14:00:00,78716.05085821719
2026-05-01 15:00:00,78326.82411661577
2026-05-01 16:00:00,78451.85449747508
2026-05-01 17:00:00,78214.31562737207
2026-05-01 18:00:00,78551.99014964356
2026-05-01 19:00:00,78408.45174473735
2026-05-01 20:00:00,78375.98656428939
2026-05-01 21:00:00,77861.94141619159
2026-05-01 22:00:00,78205.511993624
2026-05-01 23:00:00,78127.08085210648
2026-05-02 00:00:00,78207.76425489692
2026-05-02 01:00:00,78308.35960031401
2026-05-02 02:00:00,78298.36374105171
2026-05-02 03:00:00,78351.99270687478
2026-05-02 04:00:00,78420.28262527542
2026-05-02 05:00:00,78160.31900836388
2026-05-02 06:00:00,78196.07035699712
2026-05-02 07:00:00,78316.7298061624
2026-05-02 08:00:00,78201.14847211596
2026-05-02 09:00:00,78295.18842755498
2026-05-02 10:00:00,78281.42572176596
2026-05-02 11:00:00,78239.40711826575
2026-05-02 12:00:00,78133.40182403094
2026-05-02 13:00:00,78200.54132621695
2026-05-02 14:00:00,78358.19735457262
2026-05-02 15:00:00,78415.71718734756
2026-05-02 16:00:00,78470.31489438383
2026-05-02 17:00:00,78436.02007355604
2026-05-02 18:00:00,78388.12108372683
2026-05-02 19:00:00,78456.22291321508
2026-05-02 20:00:00,78454.27633340326
2026-05-02 21:00:00,78444.97833282835
2026-05-02 22:00:00,78728.05686694816
2026-05-02 23:00:00,78815.09588754611
2026-05-03 00:00:00,78677.4246327222
2026-05-03 01:00:00,78527.60769984142
2026-05-03 02:00:00,78241.10727510335
2026-05-03 03:00:00,78162.87002779856
2026-05-03 04:00:00,78191.8566549931
2026-05-03 05:00:00,78154.58785503708
2026-05-03 06:00:00,78236.98046680402
2026-05-03 07:00:00,78278.7111234792
2026-05-03 08:00:00,78356.50652180392
2026-05-03 09:00:00,78381.65985391615
2026-05-03 10:00:00,78521.29993245302
2026-05-03 11:00:00,78397.72706064057
2026-05-03 12:00:00,78653.10219142487
2026-05-03 13:00:00,78727.11960085307
2026-05-03 14:00:00,78661.2319817467
2026-05-03 15:00:00,78735.9262258146
2026-05-03 16:00:00,78662.07178485782
2026-05-03 17:00:00,78673.56454429685
2026-05-03 18:00:00,78719.55103139469
2026-05-03 19:00:00,78729.78639345494
2026-05-03 20:00:00,78762.37552061015
2026-05-03 21:00:00,78904.85976166277
2026-05-03 22:00:00,78820.90055119908
2026-05-03 23:00:00,79161.78594548501
2026-05-04 00:00:00,78512.09246456268
2026-05-04 01:00:00,78537.53773799088
2026-05-04 02:00:00,79836.5624667911
2026-05-04 03:00:00,80199.87894588517
2026-05-04 04:00:00,80310.1761481044
2026-05-04 05:00:00,80306.38771771273
2026-05-04 06:00:00,80017.9274467015
2026-05-04 07:00:00,79892.56098181554
2026-05-04 08:00:00,79666.9972464689
2026-05-04 09:00:00,79701.96166921609
2026-05-04 10:00:00,79835.80231706792
2026-05-04 11:00:00,78924.49017702501
2026-05-04 12:00:00,78783.85632564427
2026-05-04 13:00:00,78955.87421431128
2026-05-04 14:00:00,78795.91240665555
2026-05-04 15:00:00,80246.58290413464
2026-05-04 16:00:00,80021.83693671435
2026-05-04 17:00:00,80027.71018122253
2026-05-04 18:00:00,80421.45195716617
2026-05-04 19:00:00,80083.49515325757
2026-05-04 20:00:00,79988.6417566547
2026-05-04 21:00:00,79936.25104919785
2026-05-04 22:00:00,80312.4611621419
2026-05-04 23:00:00,80062.99143311434
2026-05-05 00:00:00,79825.8751129579
2026-05-05 01:00:00,80132.57970596757
2026-05-05 02:00:00,80334.73481555747
2026-05-05 03:00:00,80511.84770698825
2026-05-05 04:00:00,80848.83971987772
2026-05-05 05:00:00,80851.18466024428
2026-05-05 06:00:00,80967.3326553495
2026-05-05 07:00:00,80924.30332700319
2026-05-05 08:00:00,80835.42007516575
2026-05-05 09:00:00,80784.49608821762
2026-05-05 10:00:00,80569.91953343914
2026-05-05 11:00:00,80808.2418237282
2026-05-05 12:00:00,80989.01133148166
2026-05-05 13:00:00,81274.29743515159
2026-05-05 14:00:00,81342.43466199147
2026-05-05 15:00:00,81340.34053917055
2026-05-05 16:00:00,81549.89794710588
2026-05-05 17:00:00,81276.31375067763
2026-05-05 18:00:00,81304.99636347569
2026-05-05 19:00:00,81513.4562156458
2026-05-05 20:00:00,81627.41508295838
2026-05-05 21:00:00,81644.47171117582
2026-05-05 22:00:00,81473.67796651922
2026-05-05 23:00:00,81130.26919917313
2026-05-06 00:00:00,80913.9613749304
2026-05-06 01:00:00,81028.1090125246
2026-05-06 02:00:00,81414.17930898101
2026-05-06 03:00:00,81361.6070545552
2026-05-06 04:00:00,81583.65456645521
2026-05-06 05:00:00,81321.925107905
2026-05-06 06:00:00,81289.85090187425
2026-05-06 07:00:00,81477.21200328677
2026-05-06 08:00:00,81334.59657047784
2026-05-06 09:00:00,81896.79414024926
2026-05-06 10:00:00,81971.44200116122
2026-05-06 11:00:00,82283.67205364926
2026-05-06 12:00:00,82510.56619315894
2026-05-06 13:00:00,82161.36557131501
2026-05-06 14:00:00,81693.1200112343
2026-05-06 15:00:00,81524.6373141157
2026-05-06 16:00:00,81701.52746879734
2026-05-06 17:00:00,81624.46074438376
2026-05-06 18:00:00,81462.62189656407
2026-05-06 19:00:00,81365.57182169743
2026-05-06 20:00:00,81472.6544911165
2026-05-06 21:00:00,81415.06840717717
2026-05-06 22:00:00,81511.0804186162
2026-05-06 23:00:00,81347.15986057564
2026-05-07 00:00:00,81436.85936825167
2026-05-07 01:00:00,81018.81483386757
2026-05-07 02:00:00,81161.10841967954
2026-05-07 03:00:00,81105.1247115536
2026-05-07 04:00:00,80831.90963094849
2026-05-07 05:00:00,80991.18824940415
2026-05-07 06:00:00,81055.57840120522
2026-05-07 07:00:00,81430.36340415567
2026-05-07 08:00:00,81527.34733206742
2026-05-07 09:00:00,81198.23353039674
2026-05-07 10:00:00,80920.59660895375
2026-05-07 11:00:00,80845.07268954713
2026-05-07 12:00:00,80851.52021348035
2026-05-07 13:00:00,81100.10733571794
2026-05-07 14:00:00,80484.01849694518
2026-05-07 15:00:00,80154.99758234037
2026-05-07 16:00:00,79855.47912591856
2026-05-07 17:00:00,79788.55868184913
2026-05-07 18:00:00,80098.0154349129
2026-05-07 19:00:00,80214.12944465685
2026-05-07 20:00:00,80121.96023006373
2026-05-07 21:00:00,79865.33489179464
2026-05-07 22:00:00,79703.80617608265
2026-05-07 23:00:00,79896.78109915639
2026-05-08 00:00:00,80024.90767231231
2026-05-08 01:00:00,79855.97567784083
2026-05-08 02:00:00,79741.33829139554
2026-05-08 03:00:00,79430.50489707272
2026-05-08 04:00:00,79577.19023808405
2026-05-08 05:00:00,79652.20881050975
2026-05-08 06:00:00,79576.57554861168
2026-05-08 07:00:00,79463.1595771605
2026-05-08 08:00:00,79680.83433353688
2026-05-08 09:00:00,79882.49306732535
2026-05-08 10:00:00,79898.17619838899
2026-05-08 11:00:00,80255.18368130119
2026-05-08 12:00:00,80258.71994010094
2026-05-08 13:00:00,80025.39763423066
2026-05-08 14:00:00,79600.88354386878
2026-05-08 15:00:00,80123.66325652687
2026-05-08 16:00:00,80106.22485164505
2026-05-08 17:00:00,79799.57134026954
2026-05-08 18:00:00,80004.06595462654
2026-05-08 19:00:00,80051.98294928763
2026-05-08 20:00:00,80129.95655005403
2026-05-08 21:00:00,80128.5555744547
2026-05-08 22:00:00,80267.63265143314
2026-05-08 23:00:00,80268.78718521954
2026-05-09 00:00:00,80197.2669977041
2026-05-09 01:00:00,80221.26148105926
2026-05-09 02:00:00,80345.54663726744
2026-05-09 03:00:00,80408.72466859894
2026-05-09 04:00:00,80392.16921115588
2026-05-09 05:00:00,80381.06363190657
2026-05-09 06:00:00,80381.75399163578
2026-05-09 07:00:00,80244.66413314156
2026-05-09 08:00:00,80221.24720136188
2026-05-09 09:00:00,80400.92795665843
2026-05-09 10:00:00,80216.49389518422
2026-05-09 11:00:00,80257.37872647388
2026-05-09 12:00:00,80355.72388750917
2026-05-09 13:00:00,80389.33120066924
2026-05-09 14:00:00,80379.03287508787
2026-05-09 15:00:00,80320.01348160341
2026-05-09 16:00:00,80521.9694712922
2026-05-09 17:00:00,80633.91915241255
2026-05-09 18:00:00,80803.56867751307
2026-05-09 19:00:00,80892.86225177161
2026-05-09 20:00:00,80918.99926840492
2026-05-09 21:00:00,80798.07560017814
2026-05-09 22:00:00,80791.46941556102
2026-05-09 23:00:00,80747.68943975777
2026-05-10 00:00:00,80677.64981723971
2026-05-10 01:00:00,80639.50142618868
2026-05-10 02:00:00,80656.47692392622
2026-05-10 03:00:00,80742.17631019186
2026-05-10 04:00:00,80786.18215282244
2026-05-10 05:00:00,80745.81599016512
2026-05-10 06:00:00,80692.64556317299
2026-05-10 07:00:00,80738.31662787922
2026-05-10 08:00:00,80722.96339655215
2026-05-10 09:00:00,80812.38367681367
2026-05-10 10:00:00,80796.27841588184
2026-05-10 11:00:00,80867.06244342076
2026-05-10 12:00:00,80829.8231627789
2026-05-10 13:00:00,80902.65556904614
2026-05-10 14:00:00,80955.18756513027
2026-05-10 15:00:00,80947.71846122046
2026-05-10 16:00:00,81410.18728336356
2026-05-10 17:00:00,81341.16008427239
2026-05-10 18:00:00,81429.98135025194
2026-05-10 19:00:00,81261.67424842258
2026-05-10 20:00:00,81411.42065886645
2026-05-10 21:00:00,80683.79550651058
2026-05-10 22:00:00,80747.89774122357
2026-05-10 23:00:00,82024.57937614246
2026-05-11 00:00:00,82018.3711243874
2026-05-11 01:00:00,81455.58728749803
2026-05-11 02:00:00,81491.08382756637
2026-05-11 03:00:00,81169.7313614385
2026-05-11 04:00:00,80704.099246383
2026-05-11 05:00:00,80847.07462456745
2026-05-11 06:00:00,80823.74111838665
2026-05-11 07:00:00,80829.91911050292
2026-05-11 08:00:00,80712.43391792754
2026-05-11 09:00:00,80744.07171396048
2026-05-11 10:00:00,80944.5067226432
2026-05-11 11:00:00,80954.0948483974
2026-05-11 12:00:00,81166.82014478317
2026-05-11 13:00:00,81049.04258630406
2026-05-11 14:00:00,81056.16001925115
2026-05-11 15:00:00,80891.2445859888
2026-05-11 16:00:00,81351.43243808199
2026-05-11 17:00:00,81535.78645935537
2026-05-11 18:00:00,81901.55001797577
2026-05-11 19:00:00,81853.49308243221
2026-05-11 20:00:00,81938.55363389698
2026-05-11 21:00:00,81794.58257275762
2026-05-11 22:00:00,81804.98083345218
2026-05-11 23:00:00,81797.66353275295
2026-05-12 00:00:00,81627.56604995472
2026-05-12 01:00:00,81533.52516088223
2026-05-12 02:00:00,81172.35698360635
2026-05-12 03:00:00,81223.96180514984
2026-05-12 04:00:00,81034.1551685857
2026-05-12 05:00:00,81201.03062372432
2026-05-12 06:00:00,81230.56223196813
2026-05-12 07:00:00,81006.12434188236
2026-05-12 08:00:00,80836.23943453778
2026-05-12 09:00:00,80819.7538269902
2026-05-12 10:00:00,80796.59945889477
2026-05-12 11:00:00,80632.09000730659
2026-05-12 12:00:00,80747.85735197637
2026-05-12 13:00:00,80845.95750850167
2026-05-12 14:00:00,80496.54451502337
2026-05-12 15:00:00,80515.31635869482
2026-05-12 16:00:00,80335.6180430435
2026-05-12 17:00:00,79971.29987458482
2026-05-12 18:00:00,80493.96367949792
2026-05-12 19:00:00,80674.2929207733
2026-05-12 20:00:00,80796.813074691
2026-05-12 21:00:00,80666.5924468435
2026-05-12 22:00:00,80544.582040927
2026-05-12 23:00:00,80655.10570235412
2026-05-13 00:00:00,80482.14377829393
2026-05-13 01:00:00,80686.83239212183
2026-05-13 02:00:00,80985.6271591546
2026-05-13 03:00:00,81020.28069887537
2026-05-13 04:00:00,81197.50212369427
2026-05-13 05:00:00,81203.3936800404
2026-05-13 06:00:00,80982.14550709563
2026-05-13 07:00:00,80954.24406627975
2026-05-13 08:00:00,80990.14318652217
2026-05-13 09:00:00,81160.91770816114
2026-05-13 10:00:00,81238.63449625116
2026-05-13 11:00:00,80798.08066097666
2026-05-13 12:00:00,80487.17156211995
2026-05-13 13:00:00,80174.630435315
2026-05-13 14:00:00,79609.57253884974
2026-05-13 15:00:00,79704.2412709755
2026-05-13 16:00:00,78870.64344729822
2026-05-13 17:00:00,79073.96110177874
2026-05-13 18:00:00,79481.1308874296
2026-05-13 19:00:00,79643.75952122624
2026-05-13 20:00:00,79595.67042189008
2026-05-13 21:00:00,79671.20648736175
2026-05-13 22:00:00,79375.85998512342
2026-05-13 23:00:00,79400.16749146166
2026-05-14 00:00:00,79288.8420865621
2026-05-14 01:00:00,79568.08993075592
2026-05-14 02:00:00,79572.69857367937
2026-05-14 03:00:00,79329.11177220872
2026-05-14 04:00:00,78993.8024872328
2026-05-14 05:00:00,79395.690142386
2026-05-14 06:00:00,79784.56657196365
2026-05-14 07:00:00,79785.62834825419
2026-05-14 08:00:00,79778.48866400724
2026-05-14 09:00:00,79795.54826822373
2026-05-14 10:00:00,79604.83682383319
2026-05-14 11:00:00,79547.91998779423
2026-05-14 12:00:00,79246.63910368014
2026-05-14 13:00:00,79732.77779324159
2026-05-14 14:00:00,79714.2752264098
2026-05-14 15:00:00,80950.36964641891
2026-05-14 16:00:00,81288.34146702473
2026-05-14 17:00:00,81666.40490395085
2026-05-14 18:00:00,81631.56592008304
2026-05-14 19:00:00,81579.78457128553
2026-05-14 20:00:00,81394.59597519206
2026-05-14 21:00:00,81368.63297157625
2026-05-14 22:00:00,81378.98915362627
2026-05-14 23:00:00,81399.21756807002
2026-05-15 00:00:00,81059.11595417073
2026-05-15 01:00:00,81503.33593570402
2026-05-15 02:00:00,81096.7734749617
2026-05-15 03:00:00,81289.58546875989
2026-05-15 04:00:00,81021.29868258353
2026-05-15 05:00:00,80697.31745316484
2026-05-15 06:00:00,80327.54101583912
2026-05-15 07:00:00,80565.28728206581
2026-05-15 08:00:00,80779.8837888809
2026-05-15 09:00:00,80616.40720975284
2026-05-15 10:00:00,80430.09010749955
2026-05-15 11:00:00,80696.98417149142
2026-05-15 12:00:00,80601.05093669126
2026-05-15 13:00:00,80319.98311512584
2026-05-15 14:00:00,78782.61897272438
2026-05-15 15:00:00,79151.46958004276
2026-05-15 16:00:00,79140.07097600566
2026-05-15 17:00:00,79234.47864765565
2026-05-15 18:00:00,79444.01433587295
2026-05-15 19:00:00,79237.24727357518
2026-05-15 20:00:00,79125.05688401216
2026-05-15 21:00:00,79083.52795124827
2026-05-15 22:00:00,78946.48223017606
2026-05-15 23:00:00,79065.68462172317
2026-05-16 00:00:00,79068.6684041429
2026-05-16 01:00:00,79057.60480331839
2026-05-16 02:00:00,79131.95810132464
2026-05-16 03:00:00,79068.70446411158
2026-05-16 04:00:00,79048.42103680182
2026-05-16 05:00:00,78995.42328586795
2026-05-16 06:00:00,78953.87050605216
2026-05-16 07:00:00,78610.03979766087
2026-05-16 08:00:00,78362.01528685544
2026-05-16 09:00:00,78391.21255905797
2026-05-16 10:00:00,78058.94238801156
2026-05-16 11:00:00,77938.32676438989
2026-05-16 12:00:00,78053.60939138664
2026-05-16 13:00:00,77982.79792837726
2026-05-16 14:00:00,77992.29106057604
2026-05-16 15:00:00,78094.09745430939
2026-05-16 16:00:00,78203.52580002272
2026-05-16 17:00:00,78177.34922849087
2026-05-16 18:00:00,78174.50615714888
2026-05-16 19:00:00,78204.41246460866
2026-05-16 20:00:00,78233.40834142933
2026-05-16 21:00:00,78230.99154679844
2026-05-16 22:00:00,78253.68624718869
2026-05-16 23:00:00,78161.06532357898
2026-05-17 00:00:00,78132.7535126921
2026-05-17 01:00:00,77852.3091088638
2026-05-17 02:00:00,77711.55019123845
2026-05-17 03:00:00,77874.80814065279
2026-05-17 04:00:00,77995.39971034498
2026-05-17 05:00:00,78134.44218812366
2026-05-17 06:00:00,78096.99326751812
2026-05-17 07:00:00,78070.74434389173
2026-05-17 08:00:00,78151.05159300477
2026-05-17 09:00:00,78053.06940176147
2026-05-17 10:00:00,78222.59978644594
2026-05-17 11:00:00,78412.70581860885
2026-05-17 12:00:00,78381.23544932464
2026-05-17 13:00:00,78319.49304565723
2026-05-17 14:00:00,78179.86329446873
2026-05-17 15:00:00,78023.6294720031
2026-05-17 16:00:00,78025.940671078
2026-05-17 17:00:00,78022.07603679577
2026-05-17 18:00:00,78054.8994097525
2026-05-17 19:00:00,78216.64675813842
2026-05-17 20:00:00,78368.27982668125
2026-05-17 21:00:00,78262.44056498497
2026-05-17 22:00:00,78385.60368165694
2026-05-17 23:00:00,77940.06473549048
2026-05-18 00:00:00,77428.51866052429
2026-05-18 01:00:00,77135.05853883125
2026-05-18 02:00:00,77084.93389126987
2026-05-18 03:00:00,76842.63447757543
2026-05-18 04:00:00,76900.95648853776
2026-05-18 05:00:00,77003.80747828328
2026-05-18 06:00:00,76858.19394261819
2026-05-18 07:00:00,76875.08309519221
2026-05-18 08:00:00,77030.32050979102
2026-05-18 09:00:00,76988.69472416067
2026-05-18 10:00:00,76894.98966809902
2026-05-18 11:00:00,76768.12517690974
2026-05-18 12:00:00,77249.58977199215
2026-05-18 13:00:00,77573.71550839835
2026-05-18 14:00:00,76888.15128280567
2026-05-18 15:00:00,76349.7921483668
2026-05-18 16:00:00,76310.56056309494
2026-05-18 17:00:00,76382.80264593365
2026-05-18 18:00:00,76660.25408962104
2026-05-18 19:00:00,76215.16416631948
2026-05-18 20:00:00,76844.61862312663
2026-05-18 21:00:00,76880.67787211885
2026-05-18 22:00:00,77079.65958529376
2026-05-18 23:00:00,77016.43611960213
2026-05-19 00:00:00,76959.40571528324
2026-05-19 01:00:00,77095.1714922677
2026-05-19 02:00:00,76642.54592480061
2026-05-19 03:00:00,76564.94960307627
2026-05-19 04:00:00,76715.07930014994
2026-05-19 05:00:00,76852.98944665222
2026-05-19 06:00:00,76869.32091465355
2026-05-19 07:00:00,76970.9485496885
2026-05-19 08:00:00,77168.63866318532
2026-05-19 09:00:00,76997.28278655821
2026-05-19 10:00:00,76754.4682714619
2026-05-19 11:00:00,76982.12521626052
2026-05-19 12:00:00,76638.00547236495
2026-05-19 13:00:00,76885.08317382702
2026-05-19 14:00:00,76813.82609420994
2026-05-19 15:00:00,76316.91205604078
2026-05-19 16:00:00,76473.68564529653
2026-05-19 17:00:00,76835.1433059012
2026-05-19 18:00:00,76796.6269423928
2026-05-19 19:00:00,76745.75854422478
2026-05-19 20:00:00,76777.55793623641
2026-05-19 21:00:00,76963.27433548454
2026-05-19 22:00:00,76940.43992495991
2026-05-19 23:00:00,76636.53715126931
2026-05-20 00:00:00,76758.73155866472
2026-05-20 01:00:00,76709.07371396366
2026-05-20 02:00:00,76763.90460230484
2026-05-20 03:00:00,76617.48446868594
2026-05-20 04:00:00,76663.55010757179
2026-05-20 05:00:00,76735.62481663478
2026-05-20 06:00:00,77131.40869442889
2026-05-20 07:00:00,77326.10507648413
2026-05-20 08:00:00,77210.13681411595
2026-05-20 09:00:00,77386.63097391285
2026-05-20 10:00:00,77422.82607692193
2026-05-20 11:00:00,77448.63446932088
2026-05-20 12:00:00,77333.59596901387
2026-05-20 13:00:00,77554.00135021987
2026-05-20 14:00:00,77125.40250269897
2026-05-20 15:00:00,77402.64884455381
2026-05-20 16:00:00,77373.26316355016
2026-05-20 17:00:00,77263.82625797886
2026-05-20 18:00:00,77501.22724808687
2026-05-20 19:00:00,77341.30826820231
2026-05-20 20:00:00,77611.44432523413
2026-05-20 21:00:00,77655.2897958014
2026-05-20 22:00:00,77442.56609237654
2026-05-20 23:00:00,77429.40112296797
2026-05-21 00:00:00,77470.39614899461
2026-05-21 01:00:00,77911.36145470693
2026-05-21 02:00:00,77782.64915654986
2026-05-21 03:00:00,77905.76062387119
2026-05-21 04:00:00,78010.85881532887
2026-05-21 05:00:00,77968.3195949772
2026-05-21 06:00:00,77739.64055878975
2026-05-21 07:00:00,77548.77975749907
2026-05-21 08:00:00,77815.16439670298
2026-05-21 09:00:00,77857.02013708868
2026-05-21 10:00:00,77571.86560742972
2026-05-21 11:00:00,77163.23996663286
2026-05-21 12:00:00,77130.63381263461
2026-05-21 13:00:00,77226.02062969854
2026-05-21 14:00:00,77042.61473855685
2026-05-21 15:00:00,76941.86730896746
2026-05-21 16:00:00,77200.32377256056
2026-05-21 17:00:00,77118.03373272772
2026-05-21 18:00:00,77847.11526202271
2026-05-21 19:00:00,77293.2155562503
2026-05-21 20:00:00,77622.68254215756
2026-05-21 21:00:00,77651.85803550089
2026-05-21 22:00:00,77590.30157256774
2026-05-21 23:00:00,77553.30644756058
2026-05-22 00:00:00,77550.38308320483
2026-05-22 01:00:00,77309.54136561215
2026-05-22 02:00:00,77547.68843622139
2026-05-22 03:00:00,77589.09341325356
2026-05-22 04:00:00,77694.39803337844
2026-05-22 05:00:00,77578.82721967717
2026-05-22 06:00:00,77415.72105751024
2026-05-22 07:00:00,77345.45666498148
2026-05-22 08:00:00,77331.26286863389
2026-05-22 09:00:00,77189.24765506995
2026-05-22 10:00:00,77233.29653181584
2026-05-22 11:00:00,77241.19557236024
2026-05-22 12:00:00,77334.38286609249
2026-05-22 13:00:00,77429.97695927565
2026-05-22 14:00:00,77175.96536374789
2026-05-22 15:00:00,76650.55425695477
2026-05-22 16:00:00,76721.71446553123
2026-05-22 17:00:00,76881.61852338338
2026-05-22 18:00:00,76685.21611422145
2026-05-22 19:00:00,76442.77193473258
2026-05-22 20:00:00,75783.22027792153
2026-05-22 21:00:00,75890.39309225869
2026-05-22 22:00:00,75908.16412736922
2026-05-22 23:00:00,75666.9392524625
2026-05-23 00:00:00,75478.38285862996
2026-05-23 01:00:00,75323.29525544021
2026-05-23 02:00:00,75428.44763131505
2026-05-23 03:00:00,75491.05207118133
2026-05-23 04:00:00,75561.6387385624
2026-05-23 05:00:00,75462.21066216449
2026-05-23 06:00:00,75415.80379723744
2026-05-23 07:00:00,75326.13923950582
2026-05-23 08:00:00,74522.24650989725
2026-05-23 09:00:00,74605.3887402969
2026-05-23 10:00:00,74544.16866323138
2026-05-23 11:00:00,74648.1967998535
2026-05-23 12:00:00,74718.85334280446
2026-05-23 13:00:00,74610.72402075393
2026-05-23 14:00:00,75088.74759093
2026-05-23 15:00:00,75413.70935241738
2026-05-23 16:00:00,75442.93862424453
2026-05-23 17:00:00,75318.97630778333
2026-05-23 18:00:00,75419.58359336574
2026-05-23 19:00:00,75761.81271621706
2026-05-23 20:00:00,75877.98981261226
2026-05-23 21:00:00,77247.24710712222
2026-05-23 22:00:00,76708.41758472467
2026-05-23 23:00:00,76500.5674586624
2026-05-24 00:00:00,76684.37097078416
2026-05-24 01:00:00,76766.16592553077
2026-05-24 02:00:00,76810.0182946348
2026-05-24 03:00:00,76758.23363983203
2026-05-24 04:00:00,76719.76224277352
2026-05-24 05:00:00,76708.8774689432
2026-05-24 06:00:00,76749.06101795683
2026-05-24 07:00:00,76908.24870321537
2026-05-24 08:00:00,76714.70834968338
2026-05-24 09:00:00,76753.18487507441
2026-05-24 10:00:00,76945.22884573611
2026-05-24 11:00:00,77110.58718073281
2026-05-24 12:00:00,77212.7832636449
2026-05-24 13:00:00,77031.3552320657
2026-05-24 14:00:00,76655.77129389663
2026-05-24 15:00:00,76381.75527343364
2026-05-24 16:00:00,76314.2326770528
2026-05-24 17:00:00,76596.40735217556
2026-05-24 18:00:00,76626.97566683406
2026-05-24 19:00:00,76608.43260575444
2026-05-24 20:00:00,76686.14670561113
2026-05-24 21:00:00,76588.3385507246
2026-05-24 22:00:00,76155.10806029783
2026-05-24 23:00:00,76765.55196925258
2026-05-25 00:00:00,77016.06581859986
2026-05-25 01:00:00,77080.58469918545
2026-05-25 02:00:00,76887.74557320835
2026-05-25 03:00:00,77052.56152158338
2026-05-25 04:00:00,76970.18159361556
2026-05-25 05:00:00,77318.21932381445
2026-05-25 06:00:00,77335.26218948726
2026-05-25 07:00:00,77350.3011248367
2026-05-25 08:00:00,77317.55004136665
2026-05-25 09:00:00,77384.27182227984
2026-05-25 10:00:00,77537.36155423621
2026-05-25 11:00:00,77457.4450224421
2026-05-25 12:00:00,77294.07556328522
2026-05-25 13:00:00,77313.98798666085
2026-05-25 14:00:00,77269.12755368989
2026-05-25 15:00:00,77652.67684045812
2026-05-25 16:00:00,77569.01501267815
2026-05-25 17:00:00,77676.32266101532
2026-05-25 18:00:00,77512.1507973346
2026-05-25 19:00:00,77486.13145957178
2026-05-25 20:00:00,77386.38679682047
2026-05-25 21:00:00,77240.66291921436
2026-05-25 22:00:00,77291.26512546258
2026-05-25 23:00:00,77072.73901771966
2026-05-26 00:00:00,77258.39912360838
2026-05-26 01:00:00,76750.48013392556
2026-05-26 02:00:00,76639.7440941138
2026-05-26 03:00:00,76577.09099905298
2026-05-26 04:00:00,76595.04609104923
2026-05-26 05:00:00,76681.83831149233
2026-05-26 06:00:00,76828.55025940086
2026-05-26 07:00:00,76843.11461451666
2026-05-26 08:00:00,76650.23940848073
2026-05-26 09:00:00,76670.41249356685
2026-05-26 10:00:00,76593.43238176452
2026-05-26 11:00:00,77360.67077714179
2026-05-26 12:00:00,77118.05174454236
2026-05-26 13:00:00,77063.89140302417
2026-05-26 14:00:00,77136.75275067729
2026-05-26 15:00:00,76885.37757387238
2026-05-26 16:00:00,76408.66621541377
2026-05-26 17:00:00,76460.10859477006
2026-05-26 18:00:00,75856.198019462
2026-05-26 19:00:00,75757.12805226484
2026-05-26 20:00:00,75936.31589323466
2026-05-26 21:00:00,76000.70642712517
2026-05-26 22:00:00,75808.31916783877
2026-05-26 23:00:00,75714.11220949011
2026-05-27 00:00:00,75851.10409561773
2026-05-27 01:00:00,75980.64524412416
2026-05-27 02:00:00,75789.40538569828
2026-05-27 03:00:00,75741.52523350678
2026-05-27 04:00:00,75571.44517689866
2026-05-27 05:00:00,75498.01226972393
2026-05-27 06:00:00,75614.23947992506
2026-05-27 07:00:00,75730.83010525984
2026-05-27 08:00:00,75854.89972687192
2026-05-27 09:00:00,75763.08655424093
2026-05-27 10:00:00,75807.86963970272
2026-05-27 11:00:00,75813.35352440282
2026-05-27 12:00:00,75667.67431759353
2026-05-27 13:00:00,75599.88395548306
2026-05-27 14:00:00,75021.97814118092
2026-05-27 15:00:00,74897.38959463537
2026-05-27 16:00:00,75206.13345235329
2026-05-27 17:00:00,75190.97752117162
2026-05-27 18:00:00,74709.97573454918
2026-05-27 19:00:00,74892.14062572065
2026-05-27 20:00:00,74950.62558752752
2026-05-27 21:00:00,75136.28279431167
2026-05-27 22:00:00,74328.27883768558
2026-05-27 23:00:00,74297.59839239439
2026-05-28 00:00:00,74339.61694703094
2026-05-28 01:00:00,74441.09717873385
2026-05-28 02:00:00,74247.8829004652
2026-05-28 03:00:00,74170.59204947451
2026-05-28 04:00:00,73079.03106951094
2026-05-28 05:00:00,73040.68193849408
2026-05-28 06:00:00,72863.84544854444
2026-05-28 07:00:00,73065.94326178794
2026-05-28 08:00:00,73351.92780791412
2026-05-28 09:00:00,73204.44769102958
2026-05-28 10:00:00,73423.71759428518
2026-05-28 11:00:00,73296.59310448272
2026-05-28 12:00:00,73387.82888007413
2026-05-28 13:00:00,73408.20285406636
2026-05-28 14:00:00,72912.42714317355
2026-05-28 15:00:00,72906.6533536109
2026-05-28 16:00:00,72801.63224774957
2026-05-28 17:00:00,73329.4577519857
2026-05-28 18:00:00,73456.07410312112
2026-05-28 19:00:00,73553.56534050967
2026-05-28 20:00:00,73328.20868335725
2026-05-28 21:00:00,73492.37097289762
2026-05-28 22:00:00,73741.63314677369
2026-05-28 23:00:00,73427.04757558164
2026-05-29 00:00:00,73651.64255141478
2026-05-29 01:00:00,73629.44834644356
2026-05-29 02:00:00,73499.54261177778
2026-05-29 03:00:00,73154.64782850437
2026-05-29 04:00:00,73115.4099682895
2026-05-29 05:00:00,73384.24453755602
2026-05-29 06:00:00,73594.30117766472
2026-05-29 07:00:00,73688.62155049309
2026-05-29 08:00:00,73397.23701560726
2026-05-29 09:00:00,73561.97314774043
2026-05-29 10:00:00,73641.89028138734
2026-05-29 11:00:00,73556.57826817705
2026-05-29 12:00:00,73394.28586765772
2026-05-29 13:00:00,73206.15152179774
2026-05-29 14:00:00,73064.6400506553
2026-05-29 15:00:00,72900.47196473666
2026-05-29 16:00:00,73716.98413745116
2026-05-29 17:00:00,73970.89818820791
2026-05-29 18:00:00,73910.18532928225
2026-05-29 19:00:00,73265.72771359507
2026-05-29 20:00:00,73446.52717422142
2026-05-29 21:00:00,73591.40974240583
2026-05-29 22:00:00,73343.57786771296
2026-05-29 23:00:00,73398.07950556917
2026-05-30 00:00:00,73500.91507629369
2026-05-30 01:00:00,73449.92721036404
2026-05-30 02:00:00,73567.21591497149
2026-05-30 03:00:00,73685.84674064034
2026-05-30 04:00:00,73449.79990963433
2026-05-30 05:00:00,73309.44038173404
2026-05-30 06:00:00,73376.10647854391
2026-05-30 07:00:00,73514.5872195757
2026-05-30 08:00:00,73465.89535132129
2026-05-30 09:00:00,73433.8316257549
2026-05-30 10:00:00,73520.98275949355
2026-05-30 11:00:00,73540.35641755526
2026-05-30 12:00:00,73516.4383414128
2026-05-30 13:00:00,73607.6304332196
2026-05-30 14:00:00,73746.02620029115
2026-05-30 15:00:00,73846.63224663532
2026-05-30 16:00:00,73836.8044552657
2026-05-30 17:00:00,73844.751740949
2026-05-30 18:00:00,73931.02231611835
2026-05-30 19:00:00,73966.57258248198
2026-05-30 20:00:00,73934.20923253964
2026-05-30 21:00:00,73894.03922605616
2026-05-30 22:00:00,73884.94461954714
2026-05-30 23:00:00,73795.7360770711
2026-05-31 00:00:00,73820.30385315015
2026-05-31 01:00:00,73948.34151766723
2026-05-31 02:00:00,73972.44476444971
2026-05-31 03:00:00,74036.62951549195
2026-05-31 04:00:00,74068.28193071268
2026-05-31 05:00:00,74104.9729502303
2026-05-31 06:00:00,73983.4274449585
2026-05-31 07:00:00,73973.70849500115
2026-05-31 08:00:00,73787.25086408028
2026-05-31 09:00:00,73851.62712264757
2026-05-31 10:00:00,73770.49172540064
2026-05-31 11:00:00,73835.34773476845
2026-05-31 12:00:00,73882.47981660234
2026-05-31 13:00:00,73843.63406882076
2026-05-31 14:00:00,73791.8181909308
2026-05-31 15:00:00,73546.05975739151
2026-05-31 16:00:00,73592.4550890308
2026-05-31 17:00:00,73457.89606159076
2026-05-31 18:00:00,73628.2175495859
2026-05-31 19:00:00,73547.78012644945
2026-05-31 20:00:00,73497.39356712087
2026-05-31 21:00:00,73672.22992620966
2026-05-31 22:00:00,73805.97005344603
2026-05-31 23:00:00,73890.13006091816
2026-06-01 00:00:00,73598.6681238158
2026-06-01 01:00:00,73812.80827225297
2026-06-01 02:00:00,73232.80961018057
2026-06-01 03:00:00,73730.946574369
2026-06-01 04:00:00,73690.3467830853
2026-06-01 05:00:00,73471.07752615244
2026-06-01 06:00:00,73286.81614170107
2026-06-01 07:00:00,73064.95451417909
2026-06-01 08:00:00,72757.3711593767
2026-06-01 09:00:00,72817.22215336941
2026-06-01 10:00:00,72817.54755287497
2026-06-01 11:00:00,72675.49398252336
2026-06-01 12:00:00,72472.82589460914
2026-06-01 13:00:00,71967.24521236081
2026-06-01 14:00:00,71360.22178763142
2026-06-01 15:00:00,71265.7004153401
2026-06-01 16:00:00,71016.21617800453
2026-06-01 17:00:00,71449.22492416871
2026-06-01 18:00:00,71580.199541782
2026-06-01 19:00:00,71420.7187859099
2026-06-01 20:00:00,71490.54680816401
2026-06-01 21:00:00,71372.89409214286
2026-06-01 22:00:00,70956.83712608815
2026-06-01 23:00:00,71338.43036528994
2026-06-02 00:00:00,71320.29306465392
2026-06-02 01:00:00,71188.66598301935
2026-06-02 02:00:00,70678.00399400682
2026-06-02 03:00:00,70636.34583897331
2026-06-02 04:00:00,70861.29476990907
2026-06-02 05:00:00,70711.53274434296
2026-06-02 06:00:00,70217.27044393976
2026-06-02 07:00:00,69982.09542404406
2026-06-02 08:00:00,70044.54957589145
2026-06-02 09:00:00,69726.49897133555
2026-06-02 10:00:00,69331.03815532655
2026-06-02 11:00:00,69574.30535783099
2026-06-02 12:00:00,69422.95301197207
2026-06-02 13:00:00,68938.91865441248
2026-06-02 14:00:00,68679.29092909783
2026-06-02 15:00:00,67896.35166560886
2026-06-02 16:00:00,67199.90510782662
2026-06-02 17:00:00,67374.60119305979
2026-06-02 18:00:00,67415.44753511425
2026-06-02 19:00:00,67250.37331140456
2026-06-02 20:00:00,67155.94408812122
2026-06-02 21:00:00,67518.62465306824
2026-06-02 22:00:00,67512.81870033227
2026-06-02 23:00:00,66366.7226849784
2026-06-03 00:00:00,66727.26415497709
2026-06-03 01:00:00,66886.45384298626
2026-06-03 02:00:00,66859.55927826028
2026-06-03 03:00:00,66536.24745904311
2026-06-03 04:00:00,65752.8269263258
2026-06-03 05:00:00,66382.48792213025
2026-06-03 06:00:00,67277.19370881334
2026-06-03 07:00:00,66909.28093836707
2026-06-03 08:00:00,67148.63671559002
2026-06-03 09:00:00,66955.2443896959
2026-06-03 10:00:00,67036.39480334656
2026-06-03 11:00:00,67211.43391847226
2026-06-03 12:00:00,66994.00242722871
2026-06-03 13:00:00,67017.50599381175
2026-06-03 14:00:00,66805.27400346882
2026-06-03 15:00:00,66782.62463882395
2026-06-03 16:00:00,66036.84392617278
2026-06-03 17:00:00,65984.23224081712
2026-06-03 18:00:00,65900.7617000043
2026-06-03 19:00:00,65969.44357979982
2026-06-03 20:00:00,65375.717337864604
2026-06-03 21:00:00,64922.304151301905
2026-06-03 22:00:00,65680.52544449347
2026-06-03 23:00:00,64807.53646894814
2026-06-04 00:00:00,64046.61064609333
2026-06-04 01:00:00,63156.63728335888
2026-06-04 02:00:00,62110.07475736659
2026-06-04 03:00:00,63187.288113060524
2026-06-04 04:00:00,64291.268149409174
2026-06-04 05:00:00,64332.98783448769
2026-06-04 06:00:00,63889.33855854152
2026-06-04 07:00:00,63989.946118100066
2026-06-04 08:00:00,63595.2976012762
2026-06-04 09:00:00,63574.0366992823
2026-06-04 10:00:00,63096.13850853811
2026-06-04 11:00:00,62404.116420044644
2026-06-04 12:00:00,62504.76273829966
2026-06-04 13:00:00,63696.29233573984
2026-06-04 14:00:00,64109.75302489269
2026-06-04 15:00:00,63893.95916455616
2026-06-04 16:00:00,63848.073894375506
2026-06-04 17:00:00,63510.10118882089
2026-06-04 18:00:00,63488.3065938399
2026-06-04 19:00:00,63761.81057215688
2026-06-04 20:00:00,63612.08271572602
2026-06-04 21:00:00,63546.34689224149
2026-06-04 22:00:00,63228.34542351155
2026-06-04 23:00:00,63679.43939830341
2026-06-05 00:00:00,63810.65923840883
2026-06-05 01:00:00,63373.435049971646
2026-06-05 02:00:00,63326.02248608488
2026-06-05 03:00:00,62570.2761949303
2026-06-05 04:00:00,62660.88448990885
2026-06-05 05:00:00,63562.65498863327
2026-06-05 06:00:00,62371.255076384776
2026-06-05 07:00:00,61895.75812450161
2026-06-05 08:00:00,62994.04817119991
2026-06-05 09:00:00,62406.399178912725
2026-06-05 10:00:00,62796.08933013144
2026-06-05 11:00:00,62499.54163387176
2026-06-05 12:00:00,61982.34655948252
2026-06-05 13:00:00,61906.64594310932
2026-06-05 14:00:00,60769.13165020372
2026-06-05 15:00:00,60811.67892665356
2026-06-05 16:00:00,60473.2066738379
2026-06-05 17:00:00,61392.63639858438
2026-06-05 18:00:00,60759.8016831602
2026-06-05 19:00:00,59322.91142792719
2026-06-05 20:00:00,60288.76183213024
2026-06-05 21:00:00,61624.52038968397
2026-06-05 22:00:00,61656.0968391253
2026-06-05 23:00:00,61598.51659536977
2026-06-06 00:00:00,60960.10140035313
2026-06-06 01:00:00,61279.51491083749
2026-06-06 02:00:00,61082.361048198065
2026-06-06 03:00:00,60945.579998152854
2026-06-06 04:00:00,60664.63046105848
2026-06-06 05:00:00,60076.78510105526
2026-06-06 06:00:00,60921.68905496295
2026-06-06 07:00:00,60739.888390637745
2026-06-06 08:00:00,60964.569142977896
2026-06-06 09:00:00,61251.51311090919
2026-06-06 10:00:00,60953.728363818285
2026-06-06 11:00:00,60517.6320239693
2026-06-06 12:00:00,60783.010483149985
2026-06-06 13:00:00,61002.06592320698
2026-06-06 14:00:00,60777.6074926415
2026-06-06 15:00:00,60790.71941494177
2026-06-06 16:00:00,60605.2339802895
2026-06-06 17:00:00,60570.202091629006
2026-06-06 18:00:00,60549.43799357968
2026-06-06 19:00:00,60621.996152673135
2026-06-06 20:00:00,60611.963804426945
2026-06-06 21:00:00,60684.168511162316
2026-06-06 22:00:00,60728.64223032499
2026-06-06 23:00:00,60576.61355453097
2026-06-07 00:00:00,60855.25426528331
2026-06-07 01:00:00,60763.050604675685
2026-06-07 02:00:00,61470.049880658626
2026-06-07 03:00:00,61474.468734846814
2026-06-07 04:00:00,61673.43908801335
2026-06-07 05:00:00,61861.214791527025
2026-06-07 06:00:00,61729.32957427834
2026-06-07 07:00:00,62083.404194587885
2026-06-07 08:00:00,62343.71176687747
2026-06-07 09:00:00,62796.78819113462
2026-06-07 10:00:00,62498.16571299935
2026-06-07 11:00:00,62352.27840814578
2026-06-07 12:00:00,62602.37387188809
2026-06-07 13:00:00,61865.7894563794
2026-06-07 14:00:00,61706.68247262369
2026-06-07 15:00:00,61877.578162964375
2026-06-07 16:00:00,61822.56195463954
2026-06-07 17:00:00,61796.91467735772
2026-06-07 18:00:00,62142.2542002679
2026-06-07 19:00:00,62062.874946175216
2026-06-07 20:00:00,61281.27521231622
2026-06-07 21:00:00,61876.98036477758
2026-06-07 22:00:00,61753.64446298382
2026-06-07 23:00:00,62881.55701554014
2026-06-08 00:00:00,63273.537430635515
2026-06-08 01:00:00,63593.90619344685
2026-06-08 02:00:00,63153.90924344675
2026-06-08 03:00:00,63086.64295560833
2026-06-08 04:00:00,63091.127336508085
2026-06-08 05:00:00,62750.50537241877
2026-06-08 06:00:00,62699.77336548836
2026-06-08 07:00:00,62957.92403713369
2026-06-08 08:00:00,63233.72083673796
2026-06-08 09:00:00,63090.991776811796
2026-06-08 10:00:00,63451.24050376031
2026-06-08 11:00:00,63104.62436765631
2026-06-08 12:00:00,63450.078844071155
2026-06-08 13:00:00,63802.93481287324
2026-06-08 14:00:00,63733.31979344029
2026-06-08 15:00:00,63941.36335961944
2026-06-08 16:00:00,63730.86445244554
2026-06-08 17:00:00,63495.25565438077
2026-06-08 18:00:00,63514.04817347602
2026-06-08 19:00:00,63436.83457953721
2026-06-08 20:00:00,63363.54509103414
2026-06-08 21:00:00,63430.42482893146
2026-06-08 22:00:00,63740.41722432457
2026-06-08 23:00:00,63350.0920220844
2026-06-09 00:00:00,63069.147792658114
2026-06-09 01:00:00,62535.99229814352
2026-06-09 02:00:00,62768.71411405834
2026-06-09 03:00:00,62684.12751736918
2026-06-09 04:00:00,62736.14766173834
2026-06-09 05:00:00,63224.96849893112
2026-06-09 06:00:00,63311.48149226327
2026-06-09 07:00:00,63275.01549597141
2026-06-09 08:00:00,63166.859371936334
2026-06-09 09:00:00,62831.197862102694
2026-06-09 10:00:00,62689.78871350944
2026-06-09 11:00:00,62757.79438618856
2026-06-09 12:00:00,62671.73749686537
2026-06-09 13:00:00,62569.420034786795
2026-06-09 14:00:00,62286.34321201943
2026-06-09 15:00:00,61424.469127008146
2026-06-09 16:00:00,61118.721290766945
2026-06-09 17:00:00,61365.90487285543
2026-06-09 18:00:00,61658.38440258495
2026-06-09 19:00:00,61731.38583702467
2026-06-09 20:00:00,62030.63066652444
2026-06-09 21:00:00,62109.25026466207
2026-06-09 22:00:00,61715.06548660225
2026-06-09 23:00:00,61674.00078639063
2026-06-10 00:00:00,61669.76384194788
2026-06-10 01:00:00,61820.922134729255
2026-06-10 02:00:00,61677.70279474452
2026-06-10 03:00:00,61272.068113857604
2026-06-10 04:00:00,61511.17870771509
2026-06-10 05:00:00,61244.800232392394
2026-06-10 06:00:00,61307.954197351355
2026-06-10 07:00:00,61428.78509016499
2026-06-10 08:00:00,61643.272905075326
2026-06-10 09:00:00,61223.30297867597
2026-06-10 10:00:00,61287.65029984941
2026-06-10 11:00:00,61340.2259221275
2026-06-10 12:00:00,60995.95018419644
2026-06-10 13:00:00,61571.61455481172
2026-06-10 14:00:00,62069.39999046491
2026-06-10 15:00:00,62021.035817671815
2026-06-10 16:00:00,62591.894834524035
2026-06-10 17:00:00,62106.80875444152
2026-06-10 18:00:00,61911.83727993212
2026-06-10 19:00:00,61814.14390932046
2026-06-10 20:00:00,61922.7368083204
2026-06-10 21:00:00,61742.27323499698
2026-06-10 22:00:00,61252.58133184276
2026-06-10 23:00:00,61349.91785302414
2026-06-11 00:00:00,61480.144432833426
2026-06-11 01:00:00,61816.59969249305
2026-06-11 02:00:00,62181.36843475014
2026-06-11 03:00:00,62095.6187002812
2026-06-11 04:00:00,62639.85275935598
2026-06-11 05:00:00,62671.954300389196
2026-06-11 06:00:00,62568.00406709702
2026-06-11 07:00:00,62726.5692071792
2026-06-11 08:00:00,62667.31361809062
2026-06-11 09:00:00,62882.29833318684
2026-06-11 10:00:00,62877.04970034461
2026-06-11 11:00:00,63106.13373863239
2026-06-11 12:00:00,63060.04790251896
2026-06-11 13:00:00,62956.90701757966
2026-06-11 14:00:00,63005.94745836673
2026-06-11 15:00:00,62709.90623153655
2026-06-11 16:00:00,62655.419478250806
2026-06-11 17:00:00,62541.886311339906
2026-06-11 18:00:00,63457.22739395342
2026-06-11 19:00:00,63405.61628199479
2026-06-11 20:00:00,63576.332473323455
2026-06-11 21:00:00,63347.38467838589
2026-06-11 22:00:00,63439.104101409706
2026-06-11 23:00:00,63458.27894338392
2026-06-12 00:00:00,63555.66181107698
2026-06-12 01:00:00,63596.961272446024
2026-06-12 02:00:00,63363.71779200341
2026-06-12 03:00:00,63550.782800877874
2026-06-12 04:00:00,63454.51361958088
2026-06-12 05:00:00,63626.75200515646
2026-06-12 06:00:00,63290.055236275926
2026-06-12 07:00:00,62929.070826447525
2026-06-12 08:00:00,63038.5292383569
2026-06-12 09:00:00,63413.810062209624
2026-06-12 10:00:00,63697.358642654464
2026-06-12 11:00:00,63646.19613886547
2026-06-12 12:00:00,63708.34453421383
2026-06-12 13:00:00,63405.42322041757
2026-06-12 14:00:00,63159.336397916915
2026-06-12 15:00:00,63936.90800704771
2026-06-12 16:00:00,63571.542771849825
2026-06-12 17:00:00,63935.42884002059
2026-06-12 18:00:00,63829.768686594834
2026-06-12 19:00:00,63667.39682471284
2026-06-12 20:00:00,63576.64006864022
2026-06-12 21:00:00,63423.86389091702
2026-06-12 22:00:00,63469.52664670147
2026-06-12 23:00:00,63480.18905903058
2026-06-13 00:00:00,63532.27782485316
2026-06-13 01:00:00,63585.61847809602
2026-06-13 02:00:00,63778.48857277093
2026-06-13 03:00:00,63620.15268087269
2026-06-13 04:00:00,63507.24452954018
2026-06-13 05:00:00,63485.40975268798
2026-06-13 06:00:00,63533.14562905929
2026-06-13 07:00:00,63699.741846555284
2026-06-13 08:00:00,63800.14393748679
2026-06-13 09:00:00,63773.78497301827
2026-06-13 10:00:00,63715.371129875246
2026-06-13 11:00:00,63801.76724896186
2026-06-13 12:00:00,63935.78488903996
2026-06-13 13:00:00,64108.08173522598
2026-06-13 14:00:00,64074.07553818772
2026-06-13 15:00:00,64188.861209288625
2026-06-13 16:00:00,64265.74569903741
2026-06-13 17:00:00,63986.590575009846
2026-06-13 18:00:00,63952.33005416277
2026-06-13 19:00:00,64131.780821434986
2026-06-13 20:00:00,64273.210034842385
2026-06-13 21:00:00,64252.72548507484
2026-06-13 22:00:00,64444.708718446054
2026-06-13 23:00:00,64438.38767266253
2026-06-14 00:00:00,64408.80975375945
2026-06-14 01:00:00,64611.716277949636
2026-06-14 02:00:00,64566.388300891405
2026-06-14 03:00:00,64466.1650957115
2026-06-14 04:00:00,64516.18714598953
2026-06-14 05:00:00,64342.92030396205
2026-06-14 06:00:00,64336.577523413325
2026-06-14 07:00:00,64257.46081446147
2026-06-14 08:00:00,64393.8461878388
2026-06-14 09:00:00,64427.40413198201
2026-06-14 10:00:00,64578.70655204742
2026-06-14 11:00:00,64482.85474724417
2026-06-14 12:00:00,64520.297215548315
2026-06-14 13:00:00,64297.56455237771
2026-06-14 14:00:00,64282.85281848669
2026-06-14 15:00:00,63944.15135872709
2026-06-14 16:00:00,63992.38695493097
2026-06-14 17:00:00,63919.06161136269
2026-06-14 18:00:00,63700.071406163464
2026-06-14 19:00:00,63777.42411565287
2026-06-14 20:00:00,63757.45056992142
2026-06-14 21:00:00,63974.71889255888
2026-06-14 22:00:00,65285.77424015884
2026-06-14 23:00:00,65360.48481310016
2026-06-15 00:00:00,65709.31094599118
2026-06-15 01:00:00,65586.25703914589
2026-06-15 02:00:00,65464.87658816264
2026-06-15 03:00:00,65416.49008216518
2026-06-15 04:00:00,65866.4103409914
2026-06-15 05:00:00,65608.4395650938
2026-06-15 06:00:00,65817.43690589168
2026-06-15 07:00:00,65774.20254377011
2026-06-15 08:00:00,65630.59002266181
2026-06-15 09:00:00,65634.8917843731
2026-06-15 10:00:00,65557.31842459424
2026-06-15 11:00:00,65863.62044833781
2026-06-15 12:00:00,66193.77089500068
2026-06-15 13:00:00,66532.00864628633
2026-06-15 14:00:00,66391.84738927767
2026-06-15 15:00:00,66552.87214205711
2026-06-15 16:00:00,67230.72172779098
2026-06-15 17:00:00,67141.92480518499
2026-06-15 18:00:00,66823.12417209803
2026-06-15 19:00:00,66744.04449523773
2026-06-15 20:00:00,66550.15695037083
2026-06-15 21:00:00,66485.25895289597
2026-06-15 22:00:00,66340.53888367626
2026-06-15 23:00:00,66178.57360298402
2026-06-16 00:00:00,66292.50117921834
2026-06-16 01:00:00,66233.82156148816
2026-06-16 02:00:00,66316.50624060682
2026-06-16 03:00:00,65704.79145916563
2026-06-16 04:00:00,66113.89576321261
2026-06-16 05:00:00,65834.24872332542
2026-06-16 06:00:00,66036.26441664151
2026-06-16 07:00:00,66417.4316393791
2026-06-16 08:00:00,66330.51848059459
2026-06-16 09:00:00,66862.5175329406
2026-06-16 10:00:00,66491.6329017892
2026-06-16 11:00:00,66477.15155128096
2026-06-16 12:00:00,66423.96723300409
2026-06-16 13:00:00,66384.1342947188
2026-06-16 14:00:00,66030.33419088418
2026-06-16 15:00:00,65592.4515696148
2026-06-16 16:00:00,65849.63191552399
2026-06-16 17:00:00,65713.31633301663
2026-06-16 18:00:00,65922.29014637967
2026-06-16 19:00:00,65792.45677970549
2026-06-16 20:00:00,65594.61999934207
2026-06-16 21:00:00,65794.1342669306
2026-06-16 22:00:00,65721.23261262392
2026-06-16 23:00:00,65725.57501738366
2026-06-17 00:00:00,65619.28080038042
2026-06-17 01:00:00,65685.18452835121
2026-06-17 02:00:00,65877.14591641171
2026-06-17 03:00:00,65844.3002835696
2026-06-17 04:00:00,65781.95467956628
2026-06-17 05:00:00,65844.1066690421
2026-06-17 06:00:00,65774.71487092394
2026-06-17 07:00:00,65566.01071043266
2026-06-17 08:00:00,65464.24413878417
2026-06-17 09:00:00,64884.87978384772
2026-06-17 10:00:00,64833.83379845131
2026-06-17 11:00:00,64736.031252809305
2026-06-17 12:00:00,64759.34074402268
2026-06-17 13:00:00,64988.14067646813
2026-06-17 14:00:00,65248.140186627694
2026-06-17 15:00:00,65075.585419361596
2026-06-17 16:00:00,65698.23677096302
2026-06-17 17:00:00,65831.92749438605
2026-06-17 18:00:00,66009.04014530333
2026-06-17 19:00:00,65512.47122792578
2026-06-17 20:00:00,64241.62379235361
2026-06-17 21:00:00,64368.53197668574
2026-06-17 22:00:00,64201.90295592708
2026-06-17 23:00:00,64260.313160694044
2026-06-18 00:00:00,64444.545329668814
2026-06-18 01:00:00,64422.7332298949
2026-06-18 02:00:00,64504.587045199296
2026-06-18 03:00:00,64630.85253332534
2026-06-18 04:00:00,64231.99423638663
2026-06-18 05:00:00,63880.33491135533
2026-06-18 06:00:00,63929.27401585061
2026-06-18 07:00:00,64046.106145643185
2026-06-18 08:00:00,64429.3151737207
2026-06-18 09:00:00,64342.52753048174
2026-06-18 10:00:00,64157.50743371025
2026-06-18 11:00:00,64055.59184405801
2026-06-18 12:00:00,63923.44224368735
2026-06-18 13:00:00,64314.79896365715
2026-06-18 14:00:00,63872.62041260807
2026-06-18 15:00:00,63764.231328085145
2026-06-18 16:00:00,62313.99340994261
2026-06-18 17:00:00,62623.63189438897
2026-06-18 18:00:00,62528.81568850007
2026-06-18 19:00:00,62633.33050724878
2026-06-18 20:00:00,62896.3469285504
2026-06-18 21:00:00,63033.559137009346
2026-06-18 22:00:00,62908.02042119267
2026-06-18 23:00:00,62823.09056826444
2026-06-19 00:00:00,62897.23855524796
2026-06-19 01:00:00,62949.317474632975
2026-06-19 02:00:00,62960.063829662235
2026-06-19 03:00:00,62951.39017745219
2026-06-19 04:00:00,62719.57121204975
2026-06-19 05:00:00,62401.543798924264
2026-06-19 06:00:00,62678.16750417492
2026-06-19 07:00:00,62842.191281257445
2026-06-19 08:00:00,62567.15001847757
2026-06-19 09:00:00,62543.628893340414
2026-06-19 10:00:00,62353.7581291409
2026-06-19 11:00:00,62485.96228335091
2026-06-19 12:00:00,62576.64191285677
2026-06-19 13:00:00,62758.29094286823
2026-06-19 14:00:00,63163.164094177235
2026-06-19 15:00:00,63161.709999418956
2026-06-19 16:00:00,63150.567908658515
2026-06-19 17:00:00,62932.88792821947
2026-06-19 18:00:00,63144.54427470509
2026-06-19 19:00:00,63050.26772496649
2026-06-19 20:00:00,62957.00654317393
2026-06-19 21:00:00,63195.01251901828
2026-06-19 22:00:00,63020.73155032543
2026-06-19 23:00:00,63258.02888837393
2026-06-20 00:00:00,63489.81094752525
2026-06-20 01:00:00,63478.707723589934
2026-06-20 02:00:00,63511.82957821895
2026-06-20 03:00:00,63297.06233022252
2026-06-20 04:00:00,63406.70890601928
2026-06-20 05:00:00,63511.836209238296
2026-06-20 06:00:00,63616.62705423173
2026-06-20 07:00:00,63675.879635460115
2026-06-20 08:00:00,63595.953456980475
2026-06-20 09:00:00,63361.42427907942
2026-06-20 10:00:00,63678.062921139026
2026-06-20 11:00:00,63614.77122598637
2026-06-20 12:00:00,63632.08358051378
2026-06-20 13:00:00,63598.854106548795
2026-06-20 14:00:00,63370.21512539454
2026-06-20 15:00:00,63880.82871958771
2026-06-20 16:00:00,64071.570898807084
2026-06-20 17:00:00,63942.95729462183
2026-06-20 18:00:00,63785.71848828837
2026-06-20 19:00:00,63731.45103356764
2026-06-20 20:00:00,63869.703129336034
2026-06-20 21:00:00,63859.48885099569
2026-06-20 22:00:00,63942.0588498902
2026-06-20 23:00:00,64232.32698776945
2026-06-21 00:00:00,64253.39869532133
2026-06-21 01:00:00,64232.00003489193
2026-06-21 02:00:00,64177.63062369645
2026-06-21 03:00:00,64172.97111302846
2026-06-21 04:00:00,64350.25345834792
2026-06-21 05:00:00,64224.81988745256
2026-06-21 06:00:00,64192.598528593386
2026-06-21 07:00:00,64227.34350470279
2026-06-21 08:00:00,64137.30747295862
2026-06-21 09:00:00,63942.322360575956
2026-06-21 10:00:00,64136.33990644154
2026-06-21 11:00:00,64291.21611357497
2026-06-21 12:00:00,64091.378803108986
2026-06-21 13:00:00,64130.21771004847
2026-06-21 14:00:00,64065.94359665164
2026-06-21 15:00:00,64060.188777316755
2026-06-21 16:00:00,64159.6237059165
2026-06-21 17:00:00,64077.84460303331
2026-06-21 18:00:00,64094.597726365915
2026-06-21 19:00:00,64112.066099776996
2026-06-21 20:00:00,64152.71153740518
2026-06-21 21:00:00,63775.7816302342
2026-06-21 22:00:00,63721.21465781166
2026-06-21 23:00:00,63742.53584175308
2026-06-22 00:00:00,63255.48525259375
2026-06-22 01:00:00,63819.11898308706
2026-06-22 02:00:00,64552.121487989345
2026-06-22 03:00:00,64205.69346869373
2026-06-22 04:00:00,63928.74456827152
2026-06-22 05:00:00,64033.42166008993
2026-06-22 06:00:00,64177.92241599179
2026-06-22 07:00:00,63959.75327181369
2026-06-22 08:00:00,64149.20624482907
2026-06-22 09:00:00,64104.1120190984
2026-06-22 10:00:00,64082.99802705055
2026-06-22 11:00:00,64086.311714266456
2026-06-22 12:00:00,64590.54864637921
2026-06-22 13:00:00,65094.74831438618
2026-06-22 14:00:00,65494.51614098112
2026-06-22 15:00:00,64898.72223781988
2026-06-22 16:00:00,64760.07013598424
2026-06-22 17:00:00,64667.336237364085
2026-06-22 18:00:00,64539.416997041015
2026-06-22 19:00:00,64271.121158924754
2026-06-22 20:00:00,64422.0097968275
2026-06-22 21:00:00,64362.81575963608
2026-06-22 22:00:00,64238.86875118693
2026-06-22 23:00:00,63896.99325845692
2026-06-23 00:00:00,63937.28526422244
2026-06-23 01:00:00,64059.64363249256
2026-06-23 02:00:00,64088.01499383456
2026-06-23 03:00:00,64132.23842102039
2026-06-23 04:00:00,63987.15919448064
2026-06-23 05:00:00,63582.257037634496
2026-06-23 06:00:00,63320.27817720834
2026-06-23 07:00:00,62877.708063685415
2026-06-23 08:00:00,62820.37516360038
2026-06-23 09:00:00,62315.10580300406
2026-06-23 10:00:00,62319.33789928308
2026-06-23 11:00:00,62256.929876648566
2026-06-23 12:00:00,62442.52917436966
2026-06-23 13:00:00,62203.09798784006
2026-06-23 14:00:00,62381.11464416815
2026-06-23 15:00:00,62420.15977791371
2026-06-23 16:00:00,62387.074800634124
2026-06-23 17:00:00,62499.121512644604
2026-06-23 18:00:00,62297.5106191316
2026-06-23 19:00:00,62172.01201133446
2026-06-23 20:00:00,62338.931593396395
2026-06-23 21:00:00,62389.481553975704
2026-06-23 22:00:00,62529.66280671927
2026-06-23 23:00:00,62524.184805318786
2026-06-24 00:00:00,62662.29201921944
2026-06-24 01:00:00,62935.84817323276
2026-06-24 02:00:00,62914.966346538065
2026-06-24 03:00:00,62585.487932303135
2026-06-24 04:00:00,62666.834885426244
2026-06-24 05:00:00,62693.92100488201
2026-06-24 06:00:00,62817.48646755404
2026-06-24 07:00:00,62706.519151987326
2026-06-24 08:00:00,62575.43241960783
2026-06-24 09:00:00,62720.2895939481
2026-06-24 10:00:00,62624.58927852053
2026-06-24 11:00:00,62374.26824989483
2026-06-24 12:00:00,62843.68490767567
2026-06-24 13:00:00,62550.76407996913
2026-06-24 14:00:00,61267.749719811334
2026-06-24 15:00:00,61024.12201046819
2026-06-24 16:00:00,60205.2741277778
2026-06-24 17:00:00,59789.48619571827
2026-06-24 18:00:00,59358.45292012501
2026-06-24 19:00:00,59523.470870098885
2026-06-24 20:00:00,59876.674436557674
2026-06-24 21:00:00,60891.518547081505
2026-06-24 22:00:00,61056.08538534663
2026-06-24 23:00:00,60791.161293084166
2026-06-25 00:00:00,60989.57352152134
2026-06-25 01:00:00,60713.55737295181
2026-06-25 02:00:00,60828.94803155277
2026-06-25 03:00:00,60708.43122312048
2026-06-25 04:00:00,60797.57977037941
2026-06-25 05:00:00,61251.84152643313
2026-06-25 06:00:00,61519.76098547217
2026-06-25 07:00:00,61639.93029845993
2026-06-25 08:00:00,61824.263437647256
2026-06-25 09:00:00,61620.01776553923
2026-06-25 10:00:00,61665.258960151245
2026-06-25 11:00:00,61205.216559923734
2026-06-25 12:00:00,61210.44123128128
2026-06-25 13:00:00,61171.04121659868
2026-06-25 14:00:00,58243.975988882026
2026-06-25 15:00:00,59422.282560306245
2026-06-25 16:00:00,59493.31948030603
2026-06-25 17:00:00,59242.43103115886
2026-06-25 18:00:00,59588.298670235476
2026-06-25 19:00:00,59411.14649579867
2026-06-25 20:00:00,59220.70806994976
2026-06-25 21:00:00,59360.991804305704
2026-06-25 22:00:00,60115.13400967625
2026-06-25 23:00:00,59775.39445563701
2026-06-26 00:00:00,59726.73653480851
2026-06-26 01:00:00,59603.129223707765
2026-06-26 02:00:00,59351.98268653229
2026-06-26 03:00:00,58503.04435977643
2026-06-26 04:00:00,59930.892055442484
2026-06-26 05:00:00,59836.47735529296
2026-06-26 06:00:00,59869.44283231238
2026-06-26 07:00:00,60238.47869730115
2026-06-26 08:00:00,60479.5507255037
2026-06-26 09:00:00,60151.37179099762
2026-06-26 10:00:00,59655.70113012068
2026-06-26 11:00:00,59234.76809329271
2026-06-26 12:00:00,59325.75898428485
2026-06-26 13:00:00,59130.16690792026
2026-06-26 14:00:00,60085.472995967255
2026-06-26 15:00:00,59550.043672371445
2026-06-26 16:00:00,60243.75851937369
2026-06-26 17:00:00,59975.35749821483
2026-06-26 18:00:00,59961.9816626125
2026-06-26 19:00:00,59596.228301309646
2026-06-26 20:00:00,59768.68313187722
2026-06-26 21:00:00,59646.81608354697
2026-06-26 22:00:00,59851.67600622578
2026-06-26 23:00:00,59972.038222806994
2026-06-27 00:00:00,60022.32566638378
2026-06-27 01:00:00,59983.60256964069
2026-06-27 02:00:00,59872.856209815836
2026-06-27 03:00:00,60227.285757671074
2026-06-27 04:00:00,60226.05826691643
2026-06-27 05:00:00,60165.81744971254
2026-06-27 06:00:00,60177.46554667346
2026-06-27 07:00:00,60288.66714704136
2026-06-27 08:00:00,60462.64032824857
2026-06-27 09:00:00,60366.62795462668
2026-06-27 10:00:00,60343.462883071734
2026-06-27 11:00:00,60331.17272373777
2026-06-27 12:00:00,60281.72060820597
2026-06-27 13:00:00,60335.04333893105
2026-06-27 14:00:00,60488.87991630732
2026-06-27 15:00:00,60530.68641556376
2026-06-27 16:00:00,60738.130063492805
2026-06-27 17:00:00,60709.327637905946
2026-06-27 18:00:00,60454.05045884562
2026-06-27 19:00:00,60469.467239149104
2026-06-27 20:00:00,60101.32946268565
2026-06-27 21:00:00,60209.73461907334
2026-06-27 22:00:00,60122.77026066025
2026-06-27 23:00:00,60156.095543107105
2026-06-28 00:00:00,59953.443344011124
2026-06-28 01:00:00,60078.176851445765
2026-06-28 02:00:00,60148.71446336424
2026-06-28 03:00:00,60101.45581312719
2026-06-28 04:00:00,60125.529617765416
2026-06-28 05:00:00,60056.055743567966
2026-06-28 06:00:00,59910.75807663309
2026-06-28 07:00:00,59929.767957201824
2026-06-28 08:00:00,60141.838785240856
2026-06-28 09:00:00,60309.97869356818
2026-06-28 10:00:00,60197.89455343325
2026-06-28 11:00:00,60097.37184655965
2026-06-28 12:00:00,60269.225271320065
2026-06-28 13:00:00,60216.1640295005
2026-06-28 14:00:00,60004.523713049246
2026-06-28 15:00:00,59972.07765326265
2026-06-28 16:00:00,59823.82857486152
2026-06-28 17:00:00,59624.2029971441
2026-06-28 18:00:00,59517.743569099664
2026-06-28 19:00:00,59545.67805835586
2026-06-28 20:00:00,59405.67607496718
2026-06-28 21:00:00,59582.51941266253
2026-06-28 22:00:00,59350.7545808499
2026-06-28 23:00:00,59009.7849428476
2026-06-29 00:00:00,59494.606386317784
2026-06-29 01:00:00,59585.84559931657
2026-06-29 02:00:00,59361.68067066549
2026-06-29 03:00:00,59669.63296043179
2026-06-29 04:00:00,59944.211941706824
2026-06-29 05:00:00,59743.99074446544
2026-06-29 06:00:00,59990.15882056477
2026-06-29 07:00:00,60001.37607155561
2026-06-29 08:00:00,59971.52466959531
2026-06-29 09:00:00,59779.92706486224
2026-06-29 10:00:00,59981.74543093929
2026-06-29 11:00:00,60015.73899787562
2026-06-29 12:00:00,59873.128499639126
2026-06-29 13:00:00,59873.38409526365
2026-06-29 14:00:00,59462.6370628007
2026-06-29 15:00:00,59365.13500937605
2026-06-29 16:00:00,59744.195716005444
2026-06-29 17:00:00,59806.20817172398
2026-06-29 18:00:00,60323.182255553635
2026-06-29 19:00:00,60196.323375223656
2026-06-29 20:00:00,60354.671021014095
2026-06-29 21:00:00,60215.197320995954
2026-06-29 22:00:00,60402.647141446534
2026-06-29 23:00:00,60281.3464547047
2026-06-30 00:00:00,60152.35872063589
2026-06-30 01:00:00,59767.17175595553
2026-06-30 02:00:00,59862.80754837732
2026-06-30 03:00:00,59872.08214230162
2026-06-30 04:00:00,59542.91070368883
2026-06-30 05:00:00,59410.93328983304
2026-06-30 06:00:00,59556.6672760408
2026-06-30 07:00:00,59506.690074590304
2026-06-30 08:00:00,59444.35261882023
2026-06-30 09:00:00,59219.27657117799
2026-06-30 10:00:00,59291.30537886767
2026-06-30 11:00:00,59273.703705309905
2026-06-30 12:00:00,59102.30929617585
2026-06-30 13:00:00,58354.751523708765
2026-06-30 14:00:00,58637.80776689729
2026-06-30 15:00:00,58418.595035353246
2026-06-30 16:00:00,58297.401144206626
2026-06-30 17:00:00,58410.110150264336
2026-06-30 18:00:00,58348.74308469594
2026-06-30 19:00:00,58590.967113077684
2026-06-30 20:00:00,58726.609030518965
2026-06-30 21:00:00,58657.09845015682
2026-06-30 22:00:00,58559.8204976322
2026-06-30 23:00:00,58531.71165559294
2026-07-01 00:00:00,58566.091991843154
2026-07-01 01:00:00,58488.330643900146
2026-07-01 02:00:00,58692.75575097779
2026-07-01 03:00:00,59002.68409332405
2026-07-01 04:00:00,59111.52241823526
2026-07-01 05:00:00,59252.024283421146
2026-07-01 06:00:00,59071.99580170477
2026-07-01 07:00:00,58670.6438795296
2026-07-01 08:00:00,58686.553522464244
2026-07-01 09:00:00,58900.19655196129
2026-07-01 10:00:00,58876.090975030114
2026-07-01 11:00:00,58597.2812384871
2026-07-01 12:00:00,58552.03987293768
2026-07-01 13:00:00,58466.31638576058
2026-07-01 14:00:00,59369.823194566685
2026-07-01 15:00:00,59474.502780945666
2026-07-01 16:00:00,60097.65332644995
2026-07-01 17:00:00,59859.63307601114
2026-07-01 18:00:00,60132.02631906954
2026-07-01 19:00:00,60110.64986395811
2026-07-01 20:00:00,59964.56121333874
2026-07-01 21:00:00,60070.715811022936
2026-07-01 22:00:00,60752.609362644245
2026-07-01 23:00:00,60414.93575482061
2026-07-02 00:00:00,59967.685041718134
2026-07-02 01:00:00,59671.10632369665
2026-07-02 02:00:00,60110.535667239834
2026-07-02 03:00:00,60380.948038546994
2026-07-02 04:00:00,60986.79956340131
2026-07-02 05:00:00,60724.65258549942
2026-07-02 06:00:00,60445.667642886125
2026-07-02 07:00:00,60219.30720218366
2026-07-02 08:00:00,60068.10675003399
2026-07-02 09:00:00,60439.17593915768
2026-07-02 10:00:00,61129.966619634724
2026-07-02 11:00:00,61190.202947950595
2026-07-02 12:00:00,61248.1506993877
2026-07-02 13:00:00,61483.10370776356
2026-07-02 14:00:00,61862.109920343966
2026-07-02 15:00:00,61615.360337227125
2026-07-02 16:00:00,61566.95615214498
2026-07-02 17:00:00,61619.43895049993
2026-07-02 18:00:00,61623.97303877278
2026-07-02 19:00:00,61702.20472573427
2026-07-02 20:00:00,61410.534085238345
2026-07-02 21:00:00,61512.283967246934
2026-07-02 22:00:00,61522.488396772096
2026-07-02 23:00:00,61420.885981420004
2026-07-03 00:00:00,61490.21448471664
2026-07-03 01:00:00,61244.96158505124
2026-07-03 02:00:00,61524.84592972294
2026-07-03 03:00:00,61370.721912991874
2026-07-03 04:00:00,61372.922385597325
2026-07-03 05:00:00,61385.848855822966
2026-07-03 06:00:00,61637.129158613294
2026-07-03 07:00:00,61648.20968513286
2026-07-03 08:00:00,61692.74698665298
2026-07-03 09:00:00,61523.625696609866
2026-07-03 10:00:00,61657.116335437066
2026-07-03 11:00:00,61853.14204458926
2026-07-03 12:00:00,61966.19342650479
2026-07-03 13:00:00,61909.42003256696
2026-07-03 14:00:00,62038.19942330931
2026-07-03 15:00:00,62104.404002514806
2026-07-03 16:00:00,61872.418451229794
2026-07-03 17:00:00,62047.36732826445
2026-07-03 18:00:00,62130.016262252226
2026-07-03 19:00:00,62152.15621619773
2026-07-03 20:00:00,62165.18188405103
2026-07-03 21:00:00,62716.94597494935
2026-07-03 22:00:00,62681.82688022105
2026-07-03 23:00:00,62528.14702442605
2026-07-04 00:00:00,62553.61289177051
2026-07-04 01:00:00,62704.3067658101
2026-07-04 02:00:00,62429.639334620915
2026-07-04 03:00:00,62489.73170848853
2026-07-04 04:00:00,62589.095279627814
2026-07-04 05:00:00,62613.619427873164
2026-07-04 06:00:00,62408.38489507331
2026-07-04 07:00:00,62449.200544392246
2026-07-04 08:00:00,62526.39339463723
2026-07-04 09:00:00,62524.48528215764
2026-07-04 10:00:00,62443.65024571385
2026-07-04 11:00:00,62471.41302078319
2026-07-04 12:00:00,62446.17804033453
2026-07-04 13:00:00,62610.467087953344
2026-07-04 14:00:00,62533.391199494305
2026-07-04 15:00:00,62646.57265593047
2026-07-04 16:00:00,62888.08024657894
2026-07-04 17:00:00,62879.845656620455
2026-07-04 18:00:00,63256.71977920726
2026-07-04 19:00:00,63120.898396559314
2026-07-04 20:00:00,63258.8147617089
2026-07-04 21:00:00,63197.56872356231
2026-07-04 22:00:00,63271.623170363455
2026-07-04 23:00:00,63131.95881275811
2026-07-05 00:00:00,63088.406753852214
2026-07-05 01:00:00,62929.72707763672
2026-07-05 02:00:00,62844.86295924283
2026-07-05 03:00:00,62639.393574218106
2026-07-05 04:00:00,62720.595401404324
2026-07-05 05:00:00,62786.136874299096
2026-07-05 06:00:00,62700.45671202247
2026-07-05 07:00:00,62722.27428833806
2026-07-05 08:00:00,62969.83669149113
2026-07-05 09:00:00,62879.03977754773
2026-07-05 10:00:00,62574.24292024291
2026-07-05 11:00:00,62700.43710738032
2026-07-05 12:00:00,62615.85343605535
2026-07-05 13:00:00,62689.076156554314
2026-07-05 14:00:00,62741.34155013367
2026-07-05 15:00:00,62756.42138871913
2026-07-05 16:00:00,62696.17695063402
2026-07-05 17:00:00,62602.595999092286
2026-07-05 18:00:00,62581.893946288765
2026-07-05 19:00:00,62767.16962577402
2026-07-05 20:00:00,62728.9548434708
2026-07-05 21:00:00,62695.75651154013
2026-07-05 22:00:00,63068.50865279426
2026-07-05 23:00:00,63668.21410269457
2026-07-06 00:00:00,63586.102141021256
2026-07-06 01:00:00,63696.074470272324
2026-07-06 02:00:00,63522.64409799275
2026-07-06 03:00:00,63408.48442547964
2026-07-06 04:00:00,63234.39503189186
2026-07-06 05:00:00,63211.39355816194
2026-07-06 06:00:00,63065.51605179482
2026-07-06 07:00:00,62943.71176890432
2026-07-06 08:00:00,63044.23797338123
2026-07-06 09:00:00,62848.620819222386
2026-07-06 10:00:00,62607.403865103704
2026-07-06 11:00:00,62772.74225667596
2026-07-06 12:00:00,62551.26105739481
2026-07-06 13:00:00,61712.71972602406
2026-07-06 14:00:00,61763.9936656863
2026-07-06 15:00:00,61975.99786307116
2026-07-06 16:00:00,63477.651126006305
2026-07-06 17:00:00,63675.187817081
2026-07-06 18:00:00,63535.075782781205
2026-07-06 19:00:00,63659.34873329972
2026-07-06 20:00:00,63689.1618357638
2026-07-06 21:00:00,63792.50090251683
2026-07-06 22:00:00,64398.644239446316
2026-07-06 23:00:00,64196.23038644526
2026-07-07 00:00:00,64001.23542391328
2026-07-07 01:00:00,64151.162061268704
2026-07-07 02:00:00,63804.11318082321
2026-07-07 03:00:00,63280.03823930605
2026-07-07 04:00:00,63140.067966897026
2026-07-07 05:00:00,63054.16725969786
2026-07-07 06:00:00,63085.371890941584
2026-07-07 07:00:00,63288.01510654113
2026-07-07 08:00:00,63041.41079150249
2026-07-07 09:00:00,63048.788368486195
2026-07-07 10:00:00,63203.06636407444
2026-07-07 11:00:00,63220.87798876061
2026-07-07 12:00:00,63339.757439706766
2026-07-07 13:00:00,63414.18643335012
2026-07-07 14:00:00,62970.75330369699
2026-07-07 15:00:00,63486.450632139335
2026-07-07 16:00:00,63885.986846172644
2026-07-07 17:00:00,63938.24971790085
2026-07-07 18:00:00,64130.92438715023
2026-07-07 19:00:00,63649.08531438454
2026-07-07 20:00:00,63764.63742843316
2026-07-07 21:00:00,63660.31888175797
2026-07-07 22:00:00,63380.96891436147
2026-07-07 23:00:00,63498.44034395726
2026-07-08 00:00:00,63335.30929080668
2026-07-08 01:00:00,63569.06947062163
2026-07-08 02:00:00,62983.94974552543
2026-07-08 03:00:00,62935.47091052445
2026-07-08 04:00:00,62714.05077430487
2026-07-08 05:00:00,62751.416881466364
2026-07-08 06:00:00,62584.734326976926
2026-07-08 07:00:00,62602.93008779971
2026-07-08 08:00:00,62825.85352121147
2026-07-08 09:00:00,61950.40109238474
2026-07-08 10:00:00,62007.6886764349
2026-07-08 11:00:00,62089.635876720946
2026-07-08 12:00:00,62240.97912712117
2026-07-08 13:00:00,61909.23376627462
2026-07-08 14:00:00,61887.532843429006
2026-07-08 15:00:00,61835.2666004988
2026-07-08 16:00:00,61648.90217313566
2026-07-08 17:00:00,62050.16078318395
2026-07-08 18:00:00,62051.67952546592
2026-07-08 19:00:00,62140.09278066513
2026-07-08 20:00:00,62214.856944880965
2026-07-08 21:00:00,62063.36742051212
2026-07-08 22:00:00,62141.24462740812
2026-07-08 23:00:00,62279.44155254896
2026-07-09 00:00:00,62247.1304822092
2026-07-09 01:00:00,62074.7513623188
2026-07-09 02:00:00,61866.13698405671
2026-07-09 03:00:00,61747.479639154524
2026-07-09 04:00:00,61936.94992457636
2026-07-09 05:00:00,62397.957693579076
2026-07-09 06:00:00,62527.10404250948
2026-07-09 07:00:00,62879.77429398299
2026-07-09 08:00:00,62957.59182427295
2026-07-09 09:00:00,62856.90138006597
2026-07-09 10:00:00,62897.43397465162
2026-07-09 11:00:00,62734.91768766964
2026-07-09 12:00:00,62732.55716082812
2026-07-09 13:00:00,62579.571400624045
2026-07-09 14:00:00,62980.65637730707
2026-07-09 15:00:00,62964.90107487005
2026-07-09 16:00:00,62833.95271257189
2026-07-09 17:00:00,62659.281125109286
2026-07-09 18:00:00,63104.04351929872
2026-07-09 19:00:00,63174.672279892744
2026-07-09 20:00:00,63196.25237644041
2026-07-09 21:00:00,63278.653986289144
2026-07-09 22:00:00,63232.740987486606
2026-07-09 23:00:00,63178.57062817138
2026-07-10 00:00:00,63192.8789720319
2026-07-10 01:00:00,63060.68971102164
2026-07-10 02:00:00,63705.539778777485
2026-07-10 03:00:00,63919.067360009634
2026-07-10 04:00:00,63893.39412955135
2026-07-10 05:00:00,64007.68623491499
2026-07-10 06:00:00,64073.35753728802
2026-07-10 07:00:00,63812.510570952385
2026-07-10 08:00:00,63942.399697674635
2026-07-10 09:00:00,64199.26056157696
2026-07-10 10:00:00,64346.2641134911
2026-07-10 11:00:00,64362.02707335361
2026-07-10 12:00:00,64372.25109763776
2026-07-10 13:00:00,64251.86525079619
2026-07-10 14:00:00,64455.320777292036
2026-07-10 15:00:00,63886.32268429611
2026-07-10 16:00:00,63968.279968589326
2026-07-10 17:00:00,64120.46916084442
2026-07-10 18:00:00,63792.381398755584
2026-07-10 19:00:00,63763.11020385153
2026-07-10 20:00:00,63869.78037660399
2026-07-10 21:00:00,63802.44067617916
2026-07-10 22:00:00,63967.12715930827
2026-07-10 23:00:00,64072.76853008213
2026-07-11 00:00:00,64110.97482196822
2026-07-11 01:00:00,64091.42507007665
2026-07-11 02:00:00,63983.41083229639
2026-07-11 03:00:00,64119.88800292327
2026-07-11 04:00:00,64116.177010610685
2026-07-11 05:00:00,64099.097718901954
2026-07-11 06:00:00,64119.143326922946
2026-07-11 07:00:00,64171.492200641675
2026-07-11 08:00:00,64118.557750593056
2026-07-11 09:00:00,64220.063484455146
2026-07-11 10:00:00,64118.78099581732
2026-07-11 11:00:00,64138.77369494904
2026-07-11 12:00:00,64150.02623024641
2026-07-11 13:00:00,64146.78145119195
2026-07-11 14:00:00,64192.25773940937
2026-07-11 15:00:00,64308.18379414751
2026-07-11 16:00:00,64131.7633839745
2026-07-11 17:00:00,64138.69597041778
2026-07-11 18:00:00,64276.29407562891
2026-07-11 19:00:00,64286.08006045195
2026-07-11 20:00:00,64246.76012590603
2026-07-11 21:00:00,64350.0082390251
2026-07-11 22:00:00,64320.70483383847
2026-07-11 23:00:00,64167.3886447212
2026-07-12 00:00:00,63791.35305345348
2026-07-12 01:00:00,63794.808827211295
2026-07-12 02:00:00,64098.58951330608
2026-07-12 03:00:00,64044.49152163299
2026-07-12 04:00:00,64176.07178742682
2026-07-12 05:00:00,63959.51578056909
2026-07-12 06:00:00,63931.25081775874
2026-07-12 07:00:00,63732.78202850527
2026-07-12 08:00:00,63846.42268902817
2026-07-12 09:00:00,63946.189974356836
2026-07-12 10:00:00,63928.829324286344
2026-07-12 11:00:00,63836.377296462466
2026-07-12 12:00:00,63974.399429155834
2026-07-12 13:00:00,63990.10128142025
2026-07-12 14:00:00,63989.353318877074
2026-07-12 15:00:00,64156.60291455562
2026-07-12 16:00:00,64131.07432654836
2026-07-12 17:00:00,64131.489644054636
2026-07-12 18:00:00,64044.46003908295
2026-07-12 19:00:00,64105.69548413126
2026-07-12 20:00:00,64194.12338748146
2026-07-12 21:00:00,64160.78688783381
2026-07-12 22:00:00,63850.6368710657
2026-07-12 23:00:00,63852.35786520847
2026-07-13 00:00:00,63746.65595793199
2026-07-13 01:00:00,63990.355421850014
2026-07-13 02:00:00,63384.78719613907
2026-07-13 03:00:00,63337.541527102614
2026-07-13 04:00:00,62756.09650001006
2026-07-13 05:00:00,62637.64163789639
2026-07-13 06:00:00,62764.83991341181
2026-07-13 07:00:00,62759.26969068076
2026-07-13 08:00:00,62955.57917357154
2026-07-13 09:00:00,63156.822541053385
2026-07-13 10:00:00,63053.49063611894
2026-07-13 11:00:00,62840.612207305
2026-07-13 12:00:00,62858.88070762003
2026-07-13 13:00:00,62581.66225369816
2026-07-13 14:00:00,62276.90658596033
2026-07-13 15:00:00,62741.16769743671
2026-07-13 16:00:00,62573.58134965906
2026-07-13 17:00:00,62217.025199934586
2026-07-13 18:00:00,61858.794613329264
2026-07-13 19:00:00,61961.396141225996
2026-07-13 20:00:00,62219.801819354856
2026-07-13 21:00:00,62156.85189451307
2026-07-13 22:00:00,62015.41030205389
2026-07-13 23:00:00,61864.28276488537
2026-07-14 00:00:00,62278.96301585648
2026-07-14 01:00:00,62490.89535720629
2026-07-14 02:00:00,62474.12797882117
2026-07-14 03:00:00,62487.93138383498
2026-07-14 04:00:00,62512.573266577776
2026-07-14 05:00:00,62680.6145141495
2026-07-14 06:00:00,62660.627598708386
2026-07-14 07:00:00,62550.38446654391
2026-07-14 08:00:00,62488.790189337466
2026-07-14 09:00:00,62641.524096547524
2026-07-14 10:00:00,62565.282726610545
2026-07-14 11:00:00,62733.96981630304
2026-07-14 12:00:00,62790.32956590777
2026-07-14 13:00:00,63877.51299855975
2026-07-14 14:00:00,63784.228588189406
2026-07-14 15:00:00,64210.675948758966
2026-07-14 16:00:00,64694.415204925426
2026-07-14 17:00:00,64696.439874549666
2026-07-14 18:00:00,64584.781606909346
2026-07-14 19:00:00,64531.44203944014
2026-07-14 20:00:00,64545.07505954235
2026-07-14 21:00:00,64519.025752289024
2026-07-14 22:00:00,64627.64828971589
2026-07-14 23:00:00,64827.80673508109
2026-07-15 00:00:00,64983.51907427709
2026-07-15 01:00:00,64792.86680266079
2026-07-15 02:00:00,64630.23506459283
2026-07-15 03:00:00,64458.30869139724
2026-07-15 04:00:00,64744.45009394039
2026-07-15 05:00:00,64715.80648590516
2026-07-15 06:00:00,64879.81627741898
2026-07-15 07:00:00,64783.19758395306
2026-07-15 08:00:00,64530.524182337955
2026-07-15 09:00:00,64716.71055190376
2026-07-15 10:00:00,64616.81886670284
2026-07-15 11:00:00,64612.437448741184
2026-07-15 12:00:00,64686.69008829031
2026-07-15 13:00:00,65111.93308545047
2026-07-15 14:00:00,65079.88440645864
2026-07-15 15:00:00,65335.576804317876
2026-07-15 16:00:00,65387.62159866124
2026-07-15 17:00:00,65067.83032281296
2026-07-15 18:00:00,65010.00907758148
2026-07-15 19:00:00,64846.32255831918
2026-07-15 20:00:00,64921.50814886572
2026-07-15 21:00:00,64934.53379667073
2026-07-15 22:00:00,64789.01717833582
2026-07-15 23:00:00,64831.35339546887
2026-07-16 00:00:00,64717.168891130066
2026-07-16 01:00:00,64545.16621464793
2026-07-16 02:00:00,64692.94734170634
2026-07-16 03:00:00,64607.590602563236
2026-07-16 04:00:00,64567.10396801394
2026-07-16 05:00:00,64558.78293880414
2026-07-16 06:00:00,64869.47791318373
2026-07-16 07:00:00,64723.389590961306
2026-07-16 08:00:00,64182.02108745474
2026-07-16 09:00:00,64079.39435103729
2026-07-16 10:00:00,64049.4386090511
2026-07-16 11:00:00,64174.59001587713
2026-07-16 12:00:00,64204.48226389592
2026-07-16 13:00:00,63945.50978403995
2026-07-16 14:00:00,64344.93626245921
2026-07-16 15:00:00,64498.6005411195
2026-07-16 16:00:00,64680.84237509046
2026-07-16 17:00:00,64449.77164733663
2026-07-16 18:00:00,64037.21798936026
2026-07-16 19:00:00,64215.01230594131
2026-07-16 20:00:00,64229.24851396149
2026-07-16 21:00:00,64084.19634418356
2026-07-16 22:00:00,64122.72102157659
2026-07-16 23:00:00,63923.907499119174
2026-07-17 00:00:00,63792.28742743447
2026-07-17 01:00:00,63832.03953498378
2026-07-17 02:00:00,63496.16246760553
2026-07-17 03:00:00,63445.3159894427
2026-07-17 04:00:00,63524.34248366589
2026-07-17 05:00:00,63443.601819222786
2026-07-17 06:00:00,62785.42339504521
2026-07-17 07:00:00,62864.421050545345
2026-07-17 08:00:00,62780.84230106703
2026-07-17 09:00:00,62841.96736320516
2026-07-17 10:00:00,62950.34598737204
2026-07-17 11:00:00,63133.918391769286
2026-07-17 12:00:00,63266.07291378227
2026-07-17 13:00:00,63058.534795407286
2026-07-17 14:00:00,63099.81199700902
2026-07-17 15:00:00,63133.988948750855
2026-07-17 16:00:00,63394.666643039374
2026-07-17 17:00:00,63553.746431086416
2026-07-17 18:00:00,64019.481206967976
2026-07-17 19:00:00,64214.46280690094
2026-07-17 20:00:00,64095.80335122859
2026-07-17 21:00:00,64090.061099254344
2026-07-17 22:00:00,64069.77791683965
2026-07-17 23:00:00,63944.348559784885
2026-07-18 00:00:00,63904.954014943025
2026-07-18 01:00:00,63868.736178374245
2026-07-18 02:00:00,63923.10865317489
2026-07-18 03:00:00,63923.85709721805
2026-07-18 04:00:00,63977.59077184214
2026-07-18 05:00:00,63927.21379097044
2026-07-18 06:00:00,63922.88070666809
2026-07-18 07:00:00,63940.42546196371
2026-07-18 08:00:00,63970.06911990153
2026-07-18 09:00:00,63958.52305482664
2026-07-18 10:00:00,63947.240966667276
2026-07-18 11:00:00,63976.135396909325
2026-07-18 12:00:00,64028.76894030294
2026-07-18 13:00:00,64176.7216305466
2026-07-18 14:00:00,64065.752897134575
2026-07-18 15:00:00,64087.72124536932
2026-07-18 16:00:00,64080.70175689081
2026-07-18 17:00:00,64258.050167853886
2026-07-18 18:00:00,64438.1962187529
2026-07-18 19:00:00,64475.039170875134
2026-07-18 20:00:00,64523.54700498384
2026-07-18 21:00:00,64650.143577498166
2026-07-18 22:00:00,64694.949440125245
2026-07-18 23:00:00,64769.13644793835
2026-07-19 00:00:00,64795.70382303786
2026-07-19 01:00:00,64741.96331923643
2026-07-19 02:00:00,64728.75259336299
2026-07-19 03:00:00,64796.94679341347
2026-07-19 04:00:00,64665.03191583571
2026-07-19 05:00:00,64677.74110835372
2026-07-19 06:00:00,64685.22156014434
2026-07-19 07:00:00,64667.0250362148
2026-07-19 08:00:00,64657.52059343849
2026-07-19 09:00:00,64666.907888415386
2026-07-19 10:00:00,64478.896387868444
2026-07-19 11:00:00,64535.193858915285
2026-07-19 12:00:00,64420.93665855162
2026-07-19 13:00:00,64395.7372606245
2026-07-19 14:00:00,64438.34416403259
2026-07-19 15:00:00,64551.82546151633
2026-07-19 16:00:00,64530.81329125877
2026-07-19 17:00:00,64495.851898628986
2026-07-19 18:00:00,64507.764089738346
2026-07-19 19:00:00,64362.75258907467
2026-07-19 20:00:00,64412.038206422694
2026-07-19 21:00:00,64488.94201917912
2026-07-19 22:00:00,64366.93654623212
2026-07-19 23:00:00,64628.105245044986
2026-07-20 00:00:00,64670.40117470696
2026-07-20 01:00:00,64516.54867392114
2026-07-20 02:00:00,64575.1232294533
2026-07-20 03:00:00,64787.12879677198
2026-07-20 04:00:00,64798.492031713264
2026-07-20 05:00:00,64512.06657755382
2026-07-20 06:00:00,64079.848524521105
2026-07-20 07:00:00,63863.59189319958
2026-07-20 08:00:00,64213.42874977493
2026-07-20 09:00:00,64003.075543638595
2026-07-20 10:00:00,64152.84876195758
2026-07-20 11:00:00,64256.83847030308
2026-07-20 12:00:00,64925.43876258116
2026-07-20 13:00:00,64597.58237740202
2026-07-20 14:00:00,64283.72489397271
2026-07-20 15:00:00,64356.35915265528
2026-07-20 16:00:00,65552.03421705609
2026-07-20 17:00:00,65437.07651339634
2026-07-20 18:00:00,65540.29187479032
2026-07-20 19:00:00,65189.166663755714
2026-07-20 20:00:00,65104.567017052825
2026-07-20 21:00:00,65315.770081313436
2026-07-20 22:00:00,65240.7911290319
2026-07-20 23:00:00,65095.60930514884
2026-07-21 00:00:00,65184.92144270268
2026-07-21 01:00:00,65526.632974593434
2026-07-21 02:00:00,65194.40732020046
2026-07-21 03:00:00,65372.455527077975
2026-07-21 04:00:00,65516.68247383258
2026-07-21 05:00:00,65470.7885127282
2026-07-21 06:00:00,65705.84258689471
2026-07-21 07:00:00,65863.05067368706
2026-07-21 08:00:00,66144.10625273176
2026-07-21 09:00:00,66176.76995730515
2026-07-21 10:00:00,66259.96368444791
2026-07-21 11:00:00,66147.22146767423
2026-07-21 12:00:00,66290.24577207127
2026-07-21 13:00:00,66508.46205728622
2026-07-21 14:00:00,66727.93345004696
2026-07-21 15:00:00,66803.0023102409
2026-07-21 16:00:00,66653.6645601238
2026-07-21 17:00:00,66516.61188074276
2026-07-21 18:00:00,66175.68149701797
2026-07-21 19:00:00,66282.65838597127
2026-07-21 20:00:00,66410.97769455807
2026-07-21 21:00:00,66357.02409226363
2026-07-21 22:00:00,66338.34521781663
2026-07-21 23:00:00,66264.36028989237
2026-07-22 00:00:00,66520.98164575922
2026-07-22 01:00:00,66608.6028542205
2026-07-22 02:00:00,66378.16513308052
2026-07-22 03:00:00,66273.30427757863
2026-07-22 04:00:00,66165.6543167303
2026-07-22 05:00:00,66336.76238504669
2026-07-22 06:00:00,65940.27454428056
2026-07-22 07:00:00,65895.48564329921
2026-07-22 08:00:00,65809.93941023071
2026-07-22 09:00:00,65940.90781431843
2026-07-22 10:00:00,65885.38520328223
2026-07-22 11:00:00,65995.09306174285
2026-07-22 12:00:00,65966.71458499001
2026-07-22 13:00:00,65589.33695518678
2026-07-22 14:00:00,65904.713741556
2026-07-22 15:00:00,65754.18601259236
2026-07-22 16:00:00,66006.98530857396
2026-07-22 17:00:00,66196.17192998689
2026-07-22 18:00:00,65992.28860844017
2026-07-22 19:00:00,65865.87837487298
2026-07-22 20:00:00,65886.78165545003
2026-07-22 21:00:00,65888.67421297851
2026-07-22 22:00:00,66030.11262485114
2026-07-22 23:00:00,66004.18435026078
2026-07-23 00:00:00,66077.05646514206
2026-07-23 01:00:00,66029.67860238874
2026-07-23 02:00:00,65794.55194410743
2026-07-23 03:00:00,65772.28356313553
2026-07-23 04:00:00,65626.22165913803
2026-07-23 05:00:00,65575.31845132985
2026-07-23 06:00:00,65659.14234800522
2026-07-23 07:00:00,65744.92147874119
2026-07-23 08:00:00,65398.208929645494
2026-07-23 09:00:00,65612.71775530875
2026-07-23 10:00:00,65610.54474665411
2026-07-23 11:00:00,65693.05796071362
2026-07-23 12:00:00,65529.112191747015
2026-07-23 13:00:00,65113.664574500224
2026-07-23 14:00:00,64867.53789025435
2026-07-23 15:00:00,64862.99911001275
2026-07-23 16:00:00,64914.04659895385
2026-07-23 17:00:00,64748.26972143978
2026-07-23 18:00:00,64623.597308365934
2026-07-23 19:00:00,64821.7238066609
2026-07-23 20:00:00,64804.78307554462
2026-07-23 21:00:00,65101.490611626396
2026-07-23 22:00:00,65109.65311337383
2026-07-23 23:00:00,65155.994151205734
2026-07-24 00:00:00,65033.02206215462
2026-07-24 01:00:00,64937.17882216672
2026-07-24 02:00:00,65059.43402694941
2026-07-24 03:00:00,65093.091651691764
2026-07-24 04:00:00,65393.846477712796
2026-07-24 05:00:00,65218.00129296385
2026-07-24 06:00:00,65237.15506519218
2026-07-24 07:00:00,65512.89547969783
2026-07-24 08:00:00,65423.637913661376
2026-07-24 09:00:00,65260.16787357833
2026-07-24 10:00:00,65051.32243202135
2026-07-24 11:00:00,64929.35888412262
2026-07-24 12:00:00,64989.73603814464
2026-07-24 13:00:00,64669.05793003065
2026-07-24 14:00:00,64058.643852981564
2026-07-24 15:00:00,63931.93419154643
2026-07-24 16:00:00,63998.339878991595
2026-07-24 17:00:00,63912.984401238435
2026-07-24 18:00:00,64117.75521840263
2026-07-24 19:00:00,64198.318874859455
2026-07-24 20:00:00,64186.584640176
2026-07-24 21:00:00,64155.248304494715
2026-07-24 22:00:00,64082.46999581732
2026-07-24 23:00:00,64105.63293853278
2026-07-25 00:00:00,64099.00415642356
2026-07-25 01:00:00,64088.41163028338
2026-07-25 02:00:00,64022.442670161174
2026-07-25 03:00:00,63969.509215438986
2026-07-25 04:00:00,64041.21605381791
2026-07-25 05:00:00,64136.46385441914
2026-07-25 06:00:00,63976.08146160464
2026-07-25 07:00:00,63957.85990681316
2026-07-25 08:00:00,63926.04897247025
2026-07-25 09:00:00,63829.41308600404
2026-07-25 10:00:00,63958.61296962673
2026-07-25 11:00:00,64010.36276842036
2026-07-25 12:00:00,64012.50885493113
2026-07-25 13:00:00,64063.054770115414
2026-07-25 14:00:00,64081.05426908519
2026-07-25 15:00:00,64137.573632509666
2026-07-25 16:00:00,64151.01749873885
2026-07-25 17:00:00,64158.59058838961
2026-07-25 18:00:00,64338.81358004876
2026-07-25 19:00:00,64373.24187914812
2026-07-25 20:00:00,64321.17106308225
2026-07-25 21:00:00,64273.938156151424
2026-07-25 22:00:00,64325.02867073882
2026-07-25 23:00:00,64358.53130902422
2026-07-26 00:00:00,64316.36420628235
2026-07-26 01:00:00,64452.85965829787
2026-07-26 02:00:00,64418.11331424718
2026-07-26 03:00:00,64453.93385081129
2026-07-26 04:00:00,64484.493982694075
2026-07-26 05:00:00,64446.50434212295
2026-07-26 06:00:00,64366.44014965582
2026-07-26 07:00:00,64404.13795588448
2026-07-26 08:00:00,64307.33565086519
2026-07-26 09:00:00,64451.93187972349
2026-07-26 10:00:00,64468.0902789829
2026-07-26 11:00:00,64467.763769410325
2026-07-26 12:00:00,64488.57737978033
2026-07-26 13:00:00,64404.90098667454
2026-07-26 14:00:00,64494.56663207591
2026-07-26 15:00:00,64673.185937901006
2026-07-26 16:00:00,64738.96125580256
2026-07-26 17:00:00,64648.88245174125
2026-07-26 18:00:00,64639.06802441303
2026-07-26 19:00:00,64676.54365887625
2026-07-26 20:00:00,64637.66958576121
2026-07-26 21:00:00,64621.85947197437
2026-07-26 22:00:00,65048.7038221728
2026-07-26 23:00:00,65378.23573167701
2026-07-27 00:00:00,65310.39342889224
2026-07-27 01:00:00,65116.259900503406
2026-07-27 02:00:00,65143.0423961332
2026-07-27 03:00:00,65199.878257215394
2026-07-27 04:00:00,65241.194384588634
2026-07-27 05:00:00,65257.65771872395
2026-07-27 06:00:00,65438.54894182224
2026-07-27 07:00:00,65374.74850012607
2026-07-27 08:00:00,65160.07931835709
2026-07-27 09:00:00,65060.51414628423
2026-07-27 10:00:00,65207.53483181206
2026-07-27 11:00:00,65248.675944870214
2026-07-27 12:00:00,65106.22804124706
2026-07-27 13:00:00,65041.93226608387
2026-07-27 14:00:00,65293.48894256988
2026-07-27 15:00:00,64597.46655387939
2026-07-27 16:00:00,64483.657582084976
2026-07-27 17:00:00,64795.051364122206
2026-07-27 18:00:00,64964.80312676521
2026-07-27 19:00:00,64774.27524732433
2026-07-27 20:00:00,64986.80176620556
2026-07-27 21:00:00,64884.86958959986
2026-07-27 22:00:00,64629.23374011211
2026-07-27 23:00:00,63688.83007679981
2026-07-28 00:00:00,63673.70583727069
2026-07-28 01:00:00,63430.339810166595
2026-07-28 02:00:00,63160.99011553302
2026-07-28 03:00:00,63150.25483487959
2026-07-28 04:00:00,63263.25470446579
2026-07-28 05:00:00,63352.02053536527
2026-07-28 06:00:00,63379.82978016157
2026-07-28 07:00:00,63567.47853377608
2026-07-28 08:00:00,63453.85272361321
2026-07-28 09:00:00,63369.69864938463
2026-07-28 10:00:00,63339.9964824454
2026-07-28 11:00:00,63395.991595447325
2026-07-28 12:00:00,63382.56516881078
2026-07-28 13:00:00,63466.08546704524
2026-07-28 14:00:00,63108.01911610949
2026-07-28 15:00:00,63339.29648830602
2026-07-28 16:00:00,63851.44307024154
2026-07-28 17:00:00,63950.7603536521
2026-07-28 18:00:00,63706.06618463404
2026-07-28 19:00:00,63755.76102262181
2026-07-28 20:00:00,63824.739263705385
2026-07-28 21:00:00,63880.66460455207
2026-07-28 22:00:00,63881.994712606705
2026-07-28 23:00:00,63687.655438800226
2026-07-29 00:00:00,63957.0445311038
2026-07-29 01:00:00,63917.7979451819
2026-07-29 02:00:00,63662.3884818742
2026-07-29 03:00:00,63856.18451091042
2026-07-29 04:00:00,63644.82009307119
2026-07-29 05:00:00,63908.84974963836
2026-07-29 06:00:00,64028.30388091824
2026-07-29 07:00:00,64360.205971236675
2026-07-29 08:00:00,64472.38005239486
2026-07-29 09:00:00,64386.365412585015
2026-07-29 10:00:00,64634.92722896539
2026-07-29 11:00:00,64417.29887357838
2026-07-29 12:00:00,64419.372984612375
2026-07-29 13:00:00,64213.27117941829
2026-07-29 14:00:00,64516.70486461784
2026-07-29 15:00:00,64063.45719491069
2026-07-29 16:00:00,63869.6230252044
2026-07-29 17:00:00,63741.908193457086
2026-07-29 18:00:00,64498.14723391336
2026-07-29 19:00:00,64493.0959436913
2026-07-29 20:00:00,63447.32200367168
2026-07-29 21:00:00,63418.14149204432
2026-07-29 22:00:00,63844.03544319105
2026-07-29 23:00:00,63860.43080142241
2026-07-30 00:00:00,63934.10397135411
2026-07-30 01:00:00,63677.60949426517
2026-07-30 02:00:00,64197.10806581727
2026-07-30 03:00:00,64148.05199320585
2026-07-30 04:00:00,64084.502460640455
2026-07-30 05:00:00,63886.910407169555
2026-07-30 06:00:00,63951.84449477307
2026-07-30 07:00:00,64035.54920513241
2026-07-30 08:00:00,63942.4469119073
2026-07-30 09:00:00,64228.96684800646
2026-07-30 10:00:00,64518.71815344295
2026-07-30 11:00:00,64477.00704123179
2026-07-30 12:00:00,64756.292900522894
2026-07-30 13:00:00,64828.737853528124
2026-07-30 14:00:00,64926.98578072957
2026-07-30 15:00:00,64616.03648853288
2026-07-30 16:00:00,64709.188883051705
2026-07-30 17:00:00,64785.97917225522
2026-07-30 18:00:00,64813.09382455265
2026-07-30 19:00:00,64686.556286422914
2026-07-30 20:00:00,64857.315918256594
2026-07-30 21:00:00,64747.47178424416
2026-07-30 22:00:00,64711.15550020783
2026-07-30 23:00:00,64804.03359579297
2026-07-31 00:00:00,64776.94132457678
2026-07-31 01:00:00,64854.75973011952
2026-07-31 02:00:00,64469.10646126495
2026-07-31 03:00:00,64198.746711651926
2026-07-31 04:00:00,64340.472695342396
2026-07-31 05:00:00,64337.14003647453
2026-07-31 06:00:00,64283.82319876879
2026-07-31 07:00:00,64145.12869540607
2026-07-31 08:00:00,63884.980563906116
2026-07-31 09:00:00,63780.52140015809
2026-07-31 10:00:00,63625.527032643426
2026-07-31 11:00:00,63898.66950587748
2026-07-31 12:00:00,63729.359842348604
2026-07-31 13:00:00,63702.622012607055
2026-07-31 14:00:00,63160.916396486486
2026-07-31 15:00:00,62562.73142646958
2026-07-31 16:00:00,62721.32505644501
2026-07-31 17:00:00,62833.523665494875
2026-07-31 18:00:00,63189.22402547683
2026-07-31 19:00:00,63065.59022702126
2026-07-31 20:00:00,62925.2078610903
2026-07-31 21:00:00,62841.068272461845
2026-07-31 22:00:00,62851.0831389887
2026-07-31 23:00:00,62904.76801135175
2026-08-01 00:00:00,62896.51265124351
2026-08-01 01:00:00,62898.05384624886
2026-08-01 02:00:00,62931.21695877477
2026-08-01 03:00:00,63001.84076610301
2026-08-01 04:00:00,62950.27563722177
2026-08-01 05:00:00,63022.79339425661
2026-08-01 06:00:00,62974.66505489506
2026-08-01 07:00:00,63021.7786521567
2026-08-01 08:00:00,63020.84627962124
2026-08-01 09:00:00,63060.80212770707
2026-08-01 10:00:00,62986.67142087269
2026-08-01 11:00:00,62993.655015315024
2026-08-01 12:00:00,63043.733742824275
2026-08-01 13:00:00,63046.178648031986
2026-08-01 14:00:00,63019.53276694235
2026-08-01 15:00:00,63061.430671073846
2026-08-01 16:00:00,62904.511212942925
2026-08-01 17:00:00,62885.12985813633
2026-08-01 18:00:00,62609.718262571165
2026-08-01 19:00:00,62529.30500569926
2026-08-01 20:00:00,62457.3388645474
2026-08-01 21:00:00,62723.107017575705
2026-08-01 22:00:00,62750.887059575725
2026-08-01 23:00:00,62798.371687645726
2026-08-02 00:00:00,62802.63461583794
2026-08-02 01:00:00,62797.29058793633
2026-08-02 02:00:00,62926.6765921965
2026-08-02 03:00:00,63387.99647409484
2026-08-02 04:00:00,63452.60511001683
2026-08-02 05:00:00,63509.77698671542
2026-08-02 06:00:00,63400.45360354344
2026-08-02 07:00:00,63433.93212377037
2026-08-02 08:00:00,63435.23275524549
2026-08-02 09:00:00,63104.140229030454
2026-08-02 10:00:00,63197.909833413316
2026-08-02 11:00:00,63129.64569092208
2026-08-02 12:00:00,63037.311665227135
2026-08-02 13:00:00,63085.927247222506
2026-08-02 14:00:00,63032.563541368116
2026-08-02 15:00:00,63016.60534298138
2026-08-02 16:00:00,63024.44668882854
2026-08-02 17:00:00,63118.231820596746
2026-08-02 18:00:00,63264.812652673856
2026-08-02 19:00:00,63308.352210362296
2026-08-02 20:00:00,63402.90137867823
2026-08-02 21:00:00,63439.96256796929
2026-08-02 22:00:00,63657.30616283525
2026-08-02 23:00:00,63370.5926477435
2026-08-03 00:00:00,63466.47029088457
2026-08-03 01:00:00,63240.383455051095
2026-08-03 02:00:00,63105.53650772686
2026-08-03 03:00:00,63081.19157250343
2026-08-03 04:00:00,62818.97705233512
2026-08-03 05:00:00,62781.09495739143
2026-08-03 06:00:00,62766.18593943952
2026-08-03 07:00:00,62555.66795256185
2026-08-03 08:00:00,62532.59261275016
2026-08-03 09:00:00,62456.49210543634
2026-08-03 10:00:00,62728.40199640539
2026-08-03 11:00:00,62627.23145776356
2026-08-03 12:00:00,62520.5695064719
2026-08-03 13:00:00,62648.879567297394
2026-08-03 14:00:00,63112.26035751043
2026-08-03 15:00:00,63854.92051457529
2026-08-03 16:00:00,63689.88510624936
2026-08-03 17:00:00,63692.06235514518
2026-08-03 18:00:00,63842.74252023563
2026-08-03 19:00:00,63819.622761657105
2026-08-03 20:00:00,63777.64892615261
2026-08-03 21:00:00,63699.35626062781
2026-08-03 22:00:00,63489.74918836708
2026-08-03 23:00:00,63529.22132074381
2026-08-04 00:00:00,63472.83055254542
2026-08-04 01:00:00,63381.4797287385
2026-08-04 02:00:00,63762.27498441644
2026-08-04 03:00:00,63750.13988242559
2026-08-04 04:00:00,63738.88890588692
2026-08-04 05:00:00,63922.692229660715
2026-08-04 06:00:00,63745.0815032587
2026-08-04 07:00:00,63606.06003142637
2026-08-04 08:00:00,63666.153960527285
2026-08-04 09:00:00,63513.39695689712
2026-08-04 10:00:00,63500.18636573087
2026-08-04 11:00:00,63707.05563035276
2026-08-04 12:00:00,63819.74978363058
2026-08-04 13:00:00,63826.17464534384
2026-08-04 14:00:00,63631.06680961614
2026-08-04 15:00:00,64112.59855946823
2026-08-04 16:00:00,64044.473836338235
2026-08-04 17:00:00,63989.582750589
2026-08-04 18:00:00,63985.86327928399
2026-08-04 19:00:00,64251.15010906264
2026-08-04 20:00:00,64100.24044957139
2026-08-04 21:00:00,64269.40318289449
2026-08-04 22:00:00,64108.72799124228
2026-08-04 23:00:00,64188.28739863225
2026-08-05 00:00:00,64039.40942040227
2026-08-05 01:00:00,63924.75567957349
2026-08-05 02:00:00,64328.94016056184
2026-08-05 03:00:00,64345.49338121015
2026-08-05 04:00:00,64107.64721987307
2026-08-05 05:00:00,64189.90436566286
2026-08-05 06:00:00,64265.07099760803
2026-08-05 07:00:00,64200.180794758846
2026-08-05 08:00:00,64135.02017337725
2026-08-05 09:00:00,64058.508932269295
2026-08-05 10:00:00,64089.28953112343
2026-08-05 11:00:00,64040.48525556232
2026-08-05 12:00:00,64031.40373904529
2026-08-05 13:00:00,64271.925701374625
2026-08-05 14:00:00,64280.41301621728
2026-08-05 15:00:00,64484.771493069784
2026-08-05 16:00:00,64376.99037156697
2026-08-05 17:00:00,64610.391657324275
2026-08-05 18:00:00,64712.03508942819
2026-08-05 19:00:00,64731.418547934554
2026-08-05 20:00:00,64796.20106122896
2026-08-05 21:00:00,64718.345907721974
2026-08-05 22:00:00,64680.66755475469
2026-08-05 23:00:00,64579.56783651476
2026-08-06 00:00:00,64608.705388357404
2026-08-06 01:00:00,64592.281626742784
2026-08-06 01:25:10,64503.308811533316
