close_time,created_time,event_ticker,expected_expiration_time,expiration_time,expiration_value,floor_strike,latest_expiration_time,occurrence_datetime,open_time,result,settlement_ts,status,strike_type,ticker,title,updated_time,volume_fp,yes_sub_title
2026-05-28 19:45:00-04:00,2026-05-27 20:01:44.524448-04:00,KXBTC15M-26MAY281945,2026-05-28 19:50:00-04:00,2026-06-04 19:45:00-04:00,73505.71,73585.21,2026-06-04 19:45:00-04:00,2026-05-28 19:50:00-04:00,2026-05-28 19:30:00-04:00,no,2026-05-28 19:45:07.222260-04:00,finalized,greater_or_equal,KXBTC15M-26MAY281945-45,BTC price up in next 15 mins?,2026-05-28 19:45:07.302503-04:00,570023.50,"Target Price: $73,585.21"
2026-05-28 19:30:00-04:00,2026-05-27 20:01:44.102753-04:00,KXBTC15M-26MAY281930,2026-05-28 19:35:00-04:00,2026-06-04 19:30:00-04:00,73585.21,73483.96,2026-06-04 19:30:00-04:00,2026-05-28 19:35:00-04:00,2026-05-28 19:15:00-04:00,yes,2026-05-28 19:30:07.220737-04:00,finalized,greater_or_equal,KXBTC15M-26MAY281930-30,BTC price up in next 15 mins?,2026-05-28 19:30:07.300581-04:00,534359.28,"Target Price: $73,483.96"
2026-05-28 19:15:00-04:00,2026-05-27 20:01:43.683055-04:00,KXBTC15M-26MAY281915,2026-05-28 19:20:00-04:00,2026-06-04 19:15:00-04:00,73483.96,73371.49,2026-06-04 19:15:00-04:00,2026-05-28 19:20:00-04:00,2026-05-28 19:00:00-04:00,yes,2026-05-28 19:15:07.222084-04:00,finalized,greater_or_equal,KXBTC15M-26MAY281915-15,BTC price up in next 15 mins?,2026-05-28 19:15:07.346259-04:00,456979.70,"Target Price: $73,371.49"
2026-05-28 19:00:00-04:00,2026-05-27 20:01:43.253491-04:00,KXBTC15M-26MAY281900,2026-05-28 19:05:00-04:00,2026-06-04 19:00:00-04:00,73371.49,73413.42,2026-06-04 19:00:00-04:00,2026-05-28 19:05:00-04:00,2026-05-28 18:45:00-04:00,no,2026-05-28 19:00:07.220315-04:00,finalized,greater_or_equal,KXBTC15M-26MAY281900-00,BTC price up in next 15 mins?,2026-05-28 19:00:07.339764-04:00,553978.82,"Target Price: $73,413.42"
2026-05-28 18:45:00-04:00,2026-05-27 20:01:42.810871-04:00,KXBTC15M-26MAY281845,2026-05-28 18:50:00-04:00,2026-06-04 18:45:00-04:00,73413.42,73523.99,2026-06-04 18:45:00-04:00,2026-05-28 18:50:00-04:00,2026-05-28 18:30:00-04:00,no,2026-05-28 18:45:07.222617-04:00,finalized,greater_or_equal,KXBTC15M-26MAY281845-45,BTC price up in next 15 mins?,2026-05-28 18:45:07.503259-04:00,434940.27,"Target Price: $73,523.99"
2026-05-28 18:30:00-04:00,2026-05-27 20:01:42.358983-04:00,KXBTC15M-26MAY281830,2026-05-28 18:35:00-04:00,2026-06-04 18:30:00-04:00,73523.99,73612.03,2026-06-04 18:30:00-04:00,2026-05-28 18:35:00-04:00,2026-05-28 18:15:00-04:00,no,2026-05-28 18:30:07.221200-04:00,finalized,greater_or_equal,KXBTC15M-26MAY281830-30,BTC price up in next 15 mins?,2026-05-28 18:30:07.322912-04:00,533270.91,"Target Price: $73,612.03"
2026-05-28 18:15:00-04:00,2026-05-27 20:01:41.826845-04:00,KXBTC15M-26MAY281815,2026-05-28 18:20:00-04:00,2026-06-04 18:15:00-04:00,73612.03,73734.24,2026-06-04 18:15:00-04:00,2026-05-28 18:20:00-04:00,2026-05-28 18:00:00-04:00,no,2026-05-28 18:15:07.221572-04:00,finalized,greater_or_equal,KXBTC15M-26MAY281815-15,BTC price up in next 15 mins?,2026-05-28 18:15:07.303608-04:00,510290.43,"Target Price: $73,734.24"
2026-05-28 18:00:00-04:00,2026-05-27 20:01:41.413043-04:00,KXBTC15M-26MAY281800,2026-05-28 18:05:00-04:00,2026-06-04 18:00:00-04:00,73734.24,73802.15,2026-06-04 18:00:00-04:00,2026-05-28 18:05:00-04:00,2026-05-28 17:45:00-04:00,no,2026-05-28 18:00:07.224229-04:00,finalized,greater_or_equal,KXBTC15M-26MAY281800-00,BTC price up in next 15 mins?,2026-05-28 18:00:07.358483-04:00,454622.62,"Target Price: $73,802.15"
2026-05-28 17:45:00-04:00,2026-05-27 20:01:40.984552-04:00,KXBTC15M-26MAY281745,2026-05-28 17:50:00-04:00,2026-06-04 17:45:00-04:00,73802.15,73606.63,2026-06-04 17:45:00-04:00,2026-05-28 17:50:00-04:00,2026-05-28 17:30:00-04:00,yes,2026-05-28 17:45:07.222453-04:00,finalized,greater_or_equal,KXBTC15M-26MAY281745-45,BTC price up in next 15 mins?,2026-05-28 17:45:07.338441-04:00,446157.94,"Target Price: $73,606.63"
2026-05-28 17:30:00-04:00,2026-05-27 20:01:40.549423-04:00,KXBTC15M-26MAY281730,2026-05-28 17:35:00-04:00,2026-06-04 17:30:00-04:00,73606.63,73580.56,2026-06-04 17:30:00-04:00,2026-05-28 17:35:00-04:00,2026-05-28 17:15:00-04:00,yes,2026-05-28 17:30:07.224935-04:00,finalized,greater_or_equal,KXBTC15M-26MAY281730-30,BTC price up in next 15 mins?,2026-05-28 17:30:07.323457-04:00,441014.15,"Target Price: $73,580.56"
2026-05-28 17:15:00-04:00,2026-05-27 20:01:40.106325-04:00,KXBTC15M-26MAY281715,2026-05-28 17:20:00-04:00,2026-06-04 17:15:00-04:00,73580.56,73483.83,2026-06-04 17:15:00-04:00,2026-05-28 17:20:00-04:00,2026-05-28 17:00:00-04:00,yes,2026-05-28 17:15:07.222326-04:00,finalized,greater_or_equal,KXBTC15M-26MAY281715-15,BTC price up in next 15 mins?,2026-05-28 17:15:07.347912-04:00,494200.00,"Target Price: $73,483.83"
2026-05-28 17:00:00-04:00,2026-05-27 20:01:39.575142-04:00,KXBTC15M-26MAY281700,2026-05-28 17:05:00-04:00,2026-06-04 17:00:00-04:00,73483.83,73601.87,2026-06-04 17:00:00-04:00,2026-05-28 17:05:00-04:00,2026-05-28 16:45:00-04:00,no,2026-05-28 17:00:07.222729-04:00,finalized,greater_or_equal,KXBTC15M-26MAY281700-00,BTC price up in next 15 mins?,2026-05-28 17:00:07.294770-04:00,414322.48,"Target Price: $73,601.87"
2026-05-28 16:45:00-04:00,2026-05-27 20:01:39.136894-04:00,KXBTC15M-26MAY281645,2026-05-28 16:50:00-04:00,2026-06-04 16:45:00-04:00,73601.87,73556.1,2026-06-04 16:45:00-04:00,2026-05-28 16:50:00-04:00,2026-05-28 16:30:00-04:00,yes,2026-05-28 16:45:07.225014-04:00,finalized,greater_or_equal,KXBTC15M-26MAY281645-45,BTC price up in next 15 mins?,2026-05-28 16:45:07.330666-04:00,494924.93,"Target Price: $73,556.10"
2026-05-28 16:30:00-04:00,2026-05-27 20:01:38.698837-04:00,KXBTC15M-26MAY281630,2026-05-28 16:35:00-04:00,2026-06-04 16:30:00-04:00,73556.10,73329.16,2026-06-04 16:30:00-04:00,2026-05-28 16:35:00-04:00,2026-05-28 16:15:00-04:00,yes,2026-05-28 16:30:07.220865-04:00,finalized,greater_or_equal,KXBTC15M-26MAY281630-30,BTC price up in next 15 mins?,2026-05-28 16:30:07.307284-04:00,379239.80,"Target Price: $73,329.16"
2026-05-28 16:15:00-04:00,2026-05-27 20:01:38.288863-04:00,KXBTC15M-26MAY281615,2026-05-28 16:20:00-04:00,2026-06-04 16:15:00-04:00,73329.16,73318.21,2026-06-04 16:15:00-04:00,2026-05-28 16:20:00-04:00,2026-05-28 16:00:00-04:00,yes,2026-05-28 16:15:07.224665-04:00,finalized,greater_or_equal,KXBTC15M-26MAY281615-15,BTC price up in next 15 mins?,2026-05-28 16:15:07.315395-04:00,801335.96,"Target Price: $73,318.21"
2026-05-28 16:00:00-04:00,2026-05-27 20:01:37.862812-04:00,KXBTC15M-26MAY281600,2026-05-28 16:05:00-04:00,2026-06-04 16:00:00-04:00,73318.21,73327.46,2026-06-04 16:00:00-04:00,2026-05-28 16:05:00-04:00,2026-05-28 15:45:00-04:00,no,2026-05-28 16:00:07.222432-04:00,finalized,greater_or_equal,KXBTC15M-26MAY281600-00,BTC price up in next 15 mins?,2026-05-28 16:00:07.499801-04:00,916722.42,"Target Price: $73,327.46"
2026-05-28 15:45:00-04:00,2026-05-27 20:01:37.440509-04:00,KXBTC15M-26MAY281545,2026-05-28 15:50:00-04:00,2026-06-04 15:45:00-04:00,73327.46,73438.55,2026-06-04 15:45:00-04:00,2026-05-28 15:50:00-04:00,2026-05-28 15:30:00-04:00,no,2026-05-28 15:45:07.218124-04:00,finalized,greater_or_equal,KXBTC15M-26MAY281545-45,BTC price up in next 15 mins?,2026-05-28 15:45:07.324030-04:00,349847.07,"Target Price: $73,438.55"
2026-05-28 15:30:00-04:00,2026-05-27 20:01:36.936814-04:00,KXBTC15M-26MAY281530,2026-05-28 15:35:00-04:00,2026-06-04 15:30:00-04:00,73438.55,73357.32,2026-06-04 15:30:00-04:00,2026-05-28 15:35:00-04:00,2026-05-28 15:15:00-04:00,yes,2026-05-28 15:30:07.224873-04:00,finalized,greater_or_equal,KXBTC15M-26MAY281530-30,BTC price up in next 15 mins?,2026-05-28 15:30:07.339537-04:00,419438.73,"Target Price: $73,357.32"
2026-05-28 15:15:00-04:00,2026-05-27 20:01:36.512478-04:00,KXBTC15M-26MAY281515,2026-05-28 15:20:00-04:00,2026-06-04 15:15:00-04:00,73357.32,73542.77,2026-06-04 15:15:00-04:00,2026-05-28 15:20:00-04:00,2026-05-28 15:00:00-04:00,no,2026-05-28 15:15:07.222222-04:00,finalized,greater_or_equal,KXBTC15M-26MAY281515-15,BTC price up in next 15 mins?,2026-05-28 15:15:07.293371-04:00,371305.71,"Target Price: $73,542.77"
2026-05-28 15:00:00-04:00,2026-05-27 20:01:36.108850-04:00,KXBTC15M-26MAY281500,2026-05-28 15:05:00-04:00,2026-06-04 15:00:00-04:00,73542.77,73494.3,2026-06-04 15:00:00-04:00,2026-05-28 15:05:00-04:00,2026-05-28 14:45:00-04:00,yes,2026-05-28 15:00:07.219697-04:00,finalized,greater_or_equal,KXBTC15M-26MAY281500-00,BTC price up in next 15 mins?,2026-05-28 15:00:07.404227-04:00,386797.22,"Target Price: $73,494.30"
2026-05-28 14:45:00-04:00,2026-05-27 20:01:35.683389-04:00,KXBTC15M-26MAY281445,2026-05-28 14:50:00-04:00,2026-06-04 14:45:00-04:00,73494.30,73483.28,2026-06-04 14:45:00-04:00,2026-05-28 14:50:00-04:00,2026-05-28 14:30:00-04:00,yes,2026-05-28 14:45:07.219391-04:00,finalized,greater_or_equal,KXBTC15M-26MAY281445-45,BTC price up in next 15 mins?,2026-05-28 14:45:07.308569-04:00,573058.26,"Target Price: $73,483.28"
2026-05-28 14:30:00-04:00,2026-05-27 20:01:35.222188-04:00,KXBTC15M-26MAY281430,2026-05-28 14:35:00-04:00,2026-06-04 14:30:00-04:00,73483.28,73532.77,2026-06-04 14:30:00-04:00,2026-05-28 14:35:00-04:00,2026-05-28 14:15:00-04:00,no,2026-05-28 14:30:07.225444-04:00,finalized,greater_or_equal,KXBTC15M-26MAY281430-30,BTC price up in next 15 mins?,2026-05-28 14:30:07.330709-04:00,611940.41,"Target Price: $73,532.77"
2026-05-28 14:15:00-04:00,2026-05-27 20:01:34.578202-04:00,KXBTC15M-26MAY281415,2026-05-28 14:20:00-04:00,2026-06-04 14:15:00-04:00,73532.77,73449.67,2026-06-04 14:15:00-04:00,2026-05-28 14:20:00-04:00,2026-05-28 14:00:00-04:00,yes,2026-05-28 14:15:07.223382-04:00,finalized,greater_or_equal,KXBTC15M-26MAY281415-15,BTC price up in next 15 mins?,2026-05-28 14:15:07.962379-04:00,406774.44,"Target Price: $73,449.67"
2026-05-28 14:00:00-04:00,2026-05-27 20:01:34.152983-04:00,KXBTC15M-26MAY281400,2026-05-28 14:05:00-04:00,2026-06-04 14:00:00-04:00,73449.67,73388.53,2026-06-04 14:00:00-04:00,2026-05-28 14:05:00-04:00,2026-05-28 13:45:00-04:00,yes,2026-05-28 14:00:07.222700-04:00,finalized,greater_or_equal,KXBTC15M-26MAY281400-00,BTC price up in next 15 mins?,2026-05-28 14:00:07.324377-04:00,480310.72,"Target Price: $73,388.53"
2026-05-28 13:45:00-04:00,2026-05-27 20:01:33.746714-04:00,KXBTC15M-26MAY281345,2026-05-28 13:50:00-04:00,2026-06-04 13:45:00-04:00,73388.53,73264.62,2026-06-04 13:45:00-04:00,2026-05-28 13:50:00-04:00,2026-05-28 13:30:00-04:00,yes,2026-05-28 13:45:07.222403-04:00,finalized,greater_or_equal,KXBTC15M-26MAY281345-45,BTC price up in next 15 mins?,2026-05-28 13:45:07.307389-04:00,480716.31,"Target Price: $73,264.62"
2026-05-28 13:30:00-04:00,2026-05-27 20:01:33.172701-04:00,KXBTC15M-26MAY281330,2026-05-28 13:35:00-04:00,2026-06-04 13:30:00-04:00,73264.62,73378.59,2026-06-04 13:30:00-04:00,2026-05-28 13:35:00-04:00,2026-05-28 13:15:00-04:00,no,2026-05-28 13:30:07.221801-04:00,finalized,greater_or_equal,KXBTC15M-26MAY281330-30,BTC price up in next 15 mins?,2026-05-28 13:30:07.353715-04:00,541937.47,"Target Price: $73,378.59"
2026-05-28 13:15:00-04:00,2026-05-27 20:01:32.768393-04:00,KXBTC15M-26MAY281315,2026-05-28 13:20:00-04:00,2026-06-04 13:15:00-04:00,73378.59,73308.17,2026-06-04 13:15:00-04:00,2026-05-28 13:20:00-04:00,2026-05-28 13:00:00-04:00,yes,2026-05-28 13:15:07.221894-04:00,finalized,greater_or_equal,KXBTC15M-26MAY281315-15,BTC price up in next 15 mins?,2026-05-28 13:15:07.372364-04:00,723278.73,"Target Price: $73,308.17"
2026-05-28 13:00:00-04:00,2026-05-27 20:01:32.344899-04:00,KXBTC15M-26MAY281300,2026-05-28 13:05:00-04:00,2026-06-04 13:00:00-04:00,73308.17,73202.35,2026-06-04 13:00:00-04:00,2026-05-28 13:05:00-04:00,2026-05-28 12:45:00-04:00,yes,2026-05-28 13:00:07.222764-04:00,finalized,greater_or_equal,KXBTC15M-26MAY281300-00,BTC price up in next 15 mins?,2026-05-28 13:00:07.316969-04:00,530501.05,"Target Price: $73,202.35"
2026-05-28 12:45:00-04:00,2026-05-27 20:01:31.870810-04:00,KXBTC15M-26MAY281245,2026-05-28 12:50:00-04:00,2026-06-04 12:45:00-04:00,73202.35,73036.73,2026-06-04 12:45:00-04:00,2026-05-28 12:50:00-04:00,2026-05-28 12:30:00-04:00,yes,2026-05-28 12:45:09.973616-04:00,finalized,greater_or_equal,KXBTC15M-26MAY281245-45,BTC price up in next 15 mins?,2026-05-28 12:45:10.091725-04:00,455738.08,"Target Price: $73,036.73"
2026-05-28 12:30:00-04:00,2026-05-27 20:01:31.224099-04:00,KXBTC15M-26MAY281230,2026-05-28 12:35:00-04:00,2026-06-04 12:30:00-04:00,73036.73,72974.96,2026-06-04 12:30:00-04:00,2026-05-28 12:35:00-04:00,2026-05-28 12:15:00-04:00,yes,2026-05-28 12:30:09.972614-04:00,finalized,greater_or_equal,KXBTC15M-26MAY281230-30,BTC price up in next 15 mins?,2026-05-28 12:30:10.065771-04:00,528295.95,"Target Price: $72,974.96"
2026-05-28 12:15:00-04:00,2026-05-27 20:01:30.794041-04:00,KXBTC15M-26MAY281215,2026-05-28 12:20:00-04:00,2026-06-04 12:15:00-04:00,72974.96,72785.01,2026-06-04 12:15:00-04:00,2026-05-28 12:20:00-04:00,2026-05-28 12:00:00-04:00,yes,2026-05-28 12:15:09.976349-04:00,finalized,greater_or_equal,KXBTC15M-26MAY281215-15,BTC price up in next 15 mins?,2026-05-28 12:15:10.066445-04:00,757630.76,"Target Price: $72,785.01"
2026-05-28 12:00:00-04:00,2026-05-27 20:01:30.357919-04:00,KXBTC15M-26MAY281200,2026-05-28 12:05:00-04:00,2026-06-04 12:00:00-04:00,72785.01,72844.2,2026-06-04 12:00:00-04:00,2026-05-28 12:05:00-04:00,2026-05-28 11:45:00-04:00,no,2026-05-28 12:00:09.969657-04:00,finalized,greater_or_equal,KXBTC15M-26MAY281200-00,BTC price up in next 15 mins?,2026-05-28 12:00:10.042031-04:00,660058.32,"Target Price: $72,844.20"
2026-05-28 11:45:00-04:00,2026-05-27 20:01:29.875814-04:00,KXBTC15M-26MAY281145,2026-05-28 11:50:00-04:00,2026-06-04 11:45:00-04:00,72844.20,72805.93,2026-06-04 11:45:00-04:00,2026-05-28 11:50:00-04:00,2026-05-28 11:30:00-04:00,yes,2026-05-28 11:45:09.969476-04:00,finalized,greater_or_equal,KXBTC15M-26MAY281145-45,BTC price up in next 15 mins?,2026-05-28 11:45:10.059992-04:00,638994.59,"Target Price: $72,805.93"
2026-05-28 11:30:00-04:00,2026-05-27 20:01:29.399363-04:00,KXBTC15M-26MAY281130,2026-05-28 11:35:00-04:00,2026-06-04 11:30:00-04:00,72805.93,72751.64,2026-06-04 11:30:00-04:00,2026-05-28 11:35:00-04:00,2026-05-28 11:15:00-04:00,yes,2026-05-28 11:30:09.973588-04:00,finalized,greater_or_equal,KXBTC15M-26MAY281130-30,BTC price up in next 15 mins?,2026-05-28 11:30:10.070424-04:00,610594.20,"Target Price: $72,751.64"
2026-05-28 11:15:00-04:00,2026-05-27 20:01:28.928958-04:00,KXBTC15M-26MAY281115,2026-05-28 11:20:00-04:00,2026-06-04 11:15:00-04:00,72751.64,72889.01,2026-06-04 11:15:00-04:00,2026-05-28 11:20:00-04:00,2026-05-28 11:00:00-04:00,no,2026-05-28 11:15:09.968128-04:00,finalized,greater_or_equal,KXBTC15M-26MAY281115-15,BTC price up in next 15 mins?,2026-05-28 11:15:10.096062-04:00,565788.80,"Target Price: $72,889.01"
2026-05-28 11:00:00-04:00,2026-05-27 20:01:28.509068-04:00,KXBTC15M-26MAY281100,2026-05-28 11:05:00-04:00,2026-06-04 11:00:00-04:00,72889.01,72717.18,2026-06-04 11:00:00-04:00,2026-05-28 11:05:00-04:00,2026-05-28 10:45:00-04:00,yes,2026-05-28 11:00:09.972480-04:00,finalized,greater_or_equal,KXBTC15M-26MAY281100-00,BTC price up in next 15 mins?,2026-05-28 11:00:10.090928-04:00,445974.95,"Target Price: $72,717.18"
2026-05-28 10:45:00-04:00,2026-05-27 20:01:28.081593-04:00,KXBTC15M-26MAY281045,2026-05-28 10:50:00-04:00,2026-06-04 10:45:00-04:00,72717.18,72845.83,2026-06-04 10:45:00-04:00,2026-05-28 10:50:00-04:00,2026-05-28 10:30:00-04:00,no,2026-05-28 10:45:09.974794-04:00,finalized,greater_or_equal,KXBTC15M-26MAY281045-45,BTC price up in next 15 mins?,2026-05-28 10:45:10.077831-04:00,509272.17,"Target Price: $72,845.83"
2026-05-28 10:30:00-04:00,2026-05-27 20:01:27.184907-04:00,KXBTC15M-26MAY281030,2026-05-28 10:35:00-04:00,2026-06-04 10:30:00-04:00,72845.83,73115.41,2026-06-04 10:30:00-04:00,2026-05-28 10:35:00-04:00,2026-05-28 10:15:00-04:00,no,2026-05-28 10:30:09.969561-04:00,finalized,greater_or_equal,KXBTC15M-26MAY281030-30,BTC price up in next 15 mins?,2026-05-28 10:30:10.049746-04:00,502309.26,"Target Price: $73,115.41"
2026-05-28 10:15:00-04:00,2026-05-27 20:01:26.730669-04:00,KXBTC15M-26MAY281015,2026-05-28 10:20:00-04:00,2026-06-04 10:15:00-04:00,73115.41,72895.64,2026-06-04 10:15:00-04:00,2026-05-28 10:20:00-04:00,2026-05-28 10:00:00-04:00,yes,2026-05-28 10:15:09.973165-04:00,finalized,greater_or_equal,KXBTC15M-26MAY281015-15,BTC price up in next 15 mins?,2026-05-28 10:15:10.050961-04:00,729775.61,"Target Price: $72,895.64"
2026-05-28 10:00:00-04:00,2026-05-27 20:01:26.299827-04:00,KXBTC15M-26MAY281000,2026-05-28 10:05:00-04:00,2026-06-04 10:00:00-04:00,72895.64,72668.11,2026-06-04 10:00:00-04:00,2026-05-28 10:05:00-04:00,2026-05-28 09:45:00-04:00,yes,2026-05-28 10:00:09.970061-04:00,finalized,greater_or_equal,KXBTC15M-26MAY281000-00,BTC price up in next 15 mins?,2026-05-28 10:00:10.085556-04:00,303313.04,"Target Price: $72,668.11"
2026-05-28 09:45:00-04:00,2026-05-27 20:01:25.803743-04:00,KXBTC15M-26MAY280945,2026-05-28 09:50:00-04:00,2026-06-04 09:45:00-04:00,72668.11,73039.31,2026-06-04 09:45:00-04:00,2026-05-28 09:50:00-04:00,2026-05-28 09:30:00-04:00,no,2026-05-28 09:45:09.966969-04:00,finalized,greater_or_equal,KXBTC15M-26MAY280945-45,BTC price up in next 15 mins?,2026-05-28 09:45:10.089534-04:00,267366.55,"Target Price: $73,039.31"
2026-05-28 09:30:00-04:00,2026-05-27 20:01:25.307815-04:00,KXBTC15M-26MAY280930,2026-05-28 09:35:00-04:00,2026-06-04 09:30:00-04:00,73039.31,73233.02,2026-06-04 09:30:00-04:00,2026-05-28 09:35:00-04:00,2026-05-28 09:15:00-04:00,no,2026-05-28 09:30:09.969326-04:00,finalized,greater_or_equal,KXBTC15M-26MAY280930-30,BTC price up in next 15 mins?,2026-05-28 09:30:10.059835-04:00,258152.59,"Target Price: $73,233.02"
2026-05-28 09:15:00-04:00,2026-05-27 20:01:24.824175-04:00,KXBTC15M-26MAY280915,2026-05-28 09:20:00-04:00,2026-06-04 09:15:00-04:00,73233.02,73407.54,2026-06-04 09:15:00-04:00,2026-05-28 09:20:00-04:00,2026-05-28 09:00:00-04:00,no,2026-05-28 09:15:09.967521-04:00,finalized,greater_or_equal,KXBTC15M-26MAY280915-15,BTC price up in next 15 mins?,2026-05-28 09:15:10.041565-04:00,320277.98,"Target Price: $73,407.54"
2026-05-28 09:00:00-04:00,2026-05-27 20:01:24.352359-04:00,KXBTC15M-26MAY280900,2026-05-28 09:05:00-04:00,2026-06-04 09:00:00-04:00,73407.54,73393.67,2026-06-04 09:00:00-04:00,2026-05-28 09:05:00-04:00,2026-05-28 08:45:00-04:00,yes,2026-05-28 09:00:10.021420-04:00,finalized,greater_or_equal,KXBTC15M-26MAY280900-00,BTC price up in next 15 mins?,2026-05-28 09:00:10.138113-04:00,330355.89,"Target Price: $73,393.67"
2026-05-28 08:45:00-04:00,2026-05-27 20:01:23.891011-04:00,KXBTC15M-26MAY280845,2026-05-28 08:50:00-04:00,2026-06-04 08:45:00-04:00,73393.67,73270.72,2026-06-04 08:45:00-04:00,2026-05-28 08:50:00-04:00,2026-05-28 08:30:00-04:00,yes,2026-05-28 08:45:09.965179-04:00,finalized,greater_or_equal,KXBTC15M-26MAY280845-45,BTC price up in next 15 mins?,2026-05-28 08:45:10.063065-04:00,318743.93,"Target Price: $73,270.72"
2026-05-28 08:30:00-04:00,2026-05-27 20:01:23.423843-04:00,KXBTC15M-26MAY280830,2026-05-28 08:35:00-04:00,2026-06-04 08:30:00-04:00,73270.72,73293.2,2026-06-04 08:30:00-04:00,2026-05-28 08:35:00-04:00,2026-05-28 08:15:00-04:00,no,2026-05-28 08:30:09.968488-04:00,finalized,greater_or_equal,KXBTC15M-26MAY280830-30,BTC price up in next 15 mins?,2026-05-28 08:30:10.077465-04:00,319113.05,"Target Price: $73,293.20"
2026-05-28 08:15:00-04:00,2026-05-27 20:01:22.881827-04:00,KXBTC15M-26MAY280815,2026-05-28 08:20:00-04:00,2026-06-04 08:15:00-04:00,73293.20,73394.09,2026-06-04 08:15:00-04:00,2026-05-28 08:20:00-04:00,2026-05-28 08:00:00-04:00,no,2026-05-28 08:20:49.974585-04:00,finalized,greater_or_equal,KXBTC15M-26MAY280815-15,BTC price up in next 15 mins?,2026-05-28 08:20:50.043418-04:00,271347.57,"Target Price: $73,394.09"
2026-05-28 08:00:00-04:00,2026-05-27 20:01:22.326316-04:00,KXBTC15M-26MAY280800,2026-05-28 08:05:00-04:00,2026-06-04 08:00:00-04:00,73394.09,73345.78,2026-06-04 08:00:00-04:00,2026-05-28 08:05:00-04:00,2026-05-28 07:45:00-04:00,yes,2026-05-28 08:00:09.966135-04:00,finalized,greater_or_equal,KXBTC15M-26MAY280800-00,BTC price up in next 15 mins?,2026-05-28 08:00:10.044214-04:00,236224.71,"Target Price: $73,345.78"
2026-05-28 07:45:00-04:00,2026-05-27 20:01:21.626153-04:00,KXBTC15M-26MAY280745,2026-05-28 07:50:00-04:00,2026-06-04 07:45:00-04:00,73345.78,73238.89,2026-06-04 07:45:00-04:00,2026-05-28 07:50:00-04:00,2026-05-28 07:30:00-04:00,yes,2026-05-28 07:45:09.969905-04:00,finalized,greater_or_equal,KXBTC15M-26MAY280745-45,BTC price up in next 15 mins?,2026-05-28 07:45:10.056121-04:00,230318.82,"Target Price: $73,238.89"
2026-05-28 07:30:00-04:00,2026-05-27 20:01:21.115331-04:00,KXBTC15M-26MAY280730,2026-05-28 07:35:00-04:00,2026-06-04 07:30:00-04:00,73238.89,73319.01,2026-06-04 07:30:00-04:00,2026-05-28 07:35:00-04:00,2026-05-28 07:15:00-04:00,no,2026-05-28 07:30:09.970851-04:00,finalized,greater_or_equal,KXBTC15M-26MAY280730-30,BTC price up in next 15 mins?,2026-05-28 07:30:10.072516-04:00,267597.01,"Target Price: $73,319.01"
2026-05-28 07:15:00-04:00,2026-05-27 20:01:20.585169-04:00,KXBTC15M-26MAY280715,2026-05-28 07:20:00-04:00,2026-06-04 07:15:00-04:00,73319.01,73297.46,2026-06-04 07:15:00-04:00,2026-05-28 07:20:00-04:00,2026-05-28 07:00:00-04:00,yes,2026-05-28 07:15:09.971483-04:00,finalized,greater_or_equal,KXBTC15M-26MAY280715-15,BTC price up in next 15 mins?,2026-05-28 07:15:10.276170-04:00,441516.20,"Target Price: $73,297.46"
2026-05-28 07:00:00-04:00,2026-05-27 20:01:20.053163-04:00,KXBTC15M-26MAY280700,2026-05-28 07:05:00-04:00,2026-06-04 07:00:00-04:00,73297.46,73394.51,2026-06-04 07:00:00-04:00,2026-05-28 07:05:00-04:00,2026-05-28 06:45:00-04:00,no,2026-05-28 07:00:09.969551-04:00,finalized,greater_or_equal,KXBTC15M-26MAY280700-00,BTC price up in next 15 mins?,2026-05-28 07:00:10.258530-04:00,296551.11,"Target Price: $73,394.51"
2026-05-28 06:45:00-04:00,2026-05-27 20:01:19.430717-04:00,KXBTC15M-26MAY280645,2026-05-28 06:50:00-04:00,2026-06-04 06:45:00-04:00,73394.51,73300.04,2026-06-04 06:45:00-04:00,2026-05-28 06:50:00-04:00,2026-05-28 06:30:00-04:00,yes,2026-05-28 06:45:09.970027-04:00,finalized,greater_or_equal,KXBTC15M-26MAY280645-45,BTC price up in next 15 mins?,2026-05-28 06:45:10.080104-04:00,163593.60,"Target Price: $73,300.04"
2026-05-28 06:30:00-04:00,2026-05-27 20:01:18.771249-04:00,KXBTC15M-26MAY280630,2026-05-28 06:35:00-04:00,2026-06-04 06:30:00-04:00,73300.04,73456.59,2026-06-04 06:30:00-04:00,2026-05-28 06:35:00-04:00,2026-05-28 06:15:00-04:00,no,2026-05-28 06:30:09.965342-04:00,finalized,greater_or_equal,KXBTC15M-26MAY280630-30,BTC price up in next 15 mins?,2026-05-28 06:30:10.035433-04:00,247148.39,"Target Price: $73,456.59"
2026-05-28 06:15:00-04:00,2026-05-27 20:01:18.007655-04:00,KXBTC15M-26MAY280615,2026-05-28 06:20:00-04:00,2026-06-04 06:15:00-04:00,73456.59,73425.69,2026-06-04 06:15:00-04:00,2026-05-28 06:20:00-04:00,2026-05-28 06:00:00-04:00,yes,2026-05-28 06:15:09.966924-04:00,finalized,greater_or_equal,KXBTC15M-26MAY280615-15,BTC price up in next 15 mins?,2026-05-28 06:15:10.281936-04:00,311139.14,"Target Price: $73,425.69"
2026-05-28 06:00:00-04:00,2026-05-27 20:01:17.297797-04:00,KXBTC15M-26MAY280600,2026-05-28 06:05:00-04:00,2026-06-04 06:00:00-04:00,73425.69,73365.85,2026-06-04 06:00:00-04:00,2026-05-28 06:05:00-04:00,2026-05-28 05:45:00-04:00,yes,2026-05-28 06:00:09.965728-04:00,finalized,greater_or_equal,KXBTC15M-26MAY280600-00,BTC price up in next 15 mins?,2026-05-28 06:00:10.246698-04:00,217689.96,"Target Price: $73,365.85"
2026-05-28 05:45:00-04:00,2026-05-27 20:01:16.580205-04:00,KXBTC15M-26MAY280545,2026-05-28 05:50:00-04:00,2026-06-04 05:45:00-04:00,73365.85,73282.23,2026-06-04 05:45:00-04:00,2026-05-28 05:50:00-04:00,2026-05-28 05:30:00-04:00,yes,2026-05-28 05:45:09.970394-04:00,finalized,greater_or_equal,KXBTC15M-26MAY280545-45,BTC price up in next 15 mins?,2026-05-28 05:45:10.020280-04:00,293793.36,"Target Price: $73,282.23"
2026-05-28 05:30:00-04:00,2026-05-27 20:01:15.918836-04:00,KXBTC15M-26MAY280530,2026-05-28 05:35:00-04:00,2026-06-04 05:30:00-04:00,73282.23,73185.46,2026-06-04 05:30:00-04:00,2026-05-28 05:35:00-04:00,2026-05-28 05:15:00-04:00,yes,2026-05-28 05:30:09.966635-04:00,finalized,greater_or_equal,KXBTC15M-26MAY280530-30,BTC price up in next 15 mins?,2026-05-28 05:30:10.040755-04:00,170407.48,"Target Price: $73,185.46"
2026-05-28 05:15:00-04:00,2026-05-27 20:01:15.277389-04:00,KXBTC15M-26MAY280515,2026-05-28 05:20:00-04:00,2026-06-04 05:15:00-04:00,73185.46,73203.31,2026-06-04 05:15:00-04:00,2026-05-28 05:20:00-04:00,2026-05-28 05:00:00-04:00,no,2026-05-28 05:15:09.964592-04:00,finalized,greater_or_equal,KXBTC15M-26MAY280515-15,BTC price up in next 15 mins?,2026-05-28 05:15:10.068286-04:00,208944.22,"Target Price: $73,203.31"
2026-05-28 02:00:00-04:00,2026-05-27 20:01:14.550289-04:00,KXBTC15M-26MAY280200,2026-05-28 02:05:00-04:00,2026-06-04 02:00:00-04:00,72857.68,72889.24,2026-06-04 02:00:00-04:00,2026-05-28 02:05:00-04:00,2026-05-28 01:45:00-04:00,no,2026-05-28 02:00:04.657819-04:00,finalized,greater_or_equal,KXBTC15M-26MAY280200-00,BTC price up in next 15 mins?,2026-05-28 02:00:04.676677-04:00,682814.98,"Target Price: $72,889.24"
2026-05-28 01:45:00-04:00,2026-05-27 20:01:13.779153-04:00,KXBTC15M-26MAY280145,2026-05-28 01:50:00-04:00,2026-06-04 01:45:00-04:00,72889.24,72840.33,2026-06-04 01:45:00-04:00,2026-05-28 01:50:00-04:00,2026-05-28 01:30:00-04:00,yes,2026-05-28 01:45:04.655435-04:00,finalized,greater_or_equal,KXBTC15M-26MAY280145-45,BTC price up in next 15 mins?,2026-05-28 01:45:04.776976-04:00,791011.94,"Target Price: $72,840.33"
2026-05-28 01:30:00-04:00,2026-05-27 20:01:13.006383-04:00,KXBTC15M-26MAY280130,2026-05-28 01:35:00-04:00,2026-06-04 01:30:00-04:00,72840.33,72900.33,2026-06-04 01:30:00-04:00,2026-05-28 01:35:00-04:00,2026-05-28 01:15:00-04:00,no,2026-05-28 01:30:04.654044-04:00,finalized,greater_or_equal,KXBTC15M-26MAY280130-30,BTC price up in next 15 mins?,2026-05-28 01:30:04.731076-04:00,693140.69,"Target Price: $72,900.33"
2026-05-28 01:15:00-04:00,2026-05-27 20:01:12.273881-04:00,KXBTC15M-26MAY280115,2026-05-28 01:20:00-04:00,2026-06-04 01:15:00-04:00,72900.33,73047.92,2026-06-04 01:15:00-04:00,2026-05-28 01:20:00-04:00,2026-05-28 01:00:00-04:00,no,2026-05-28 01:15:04.708510-04:00,finalized,greater_or_equal,KXBTC15M-26MAY280115-15,BTC price up in next 15 mins?,2026-05-28 01:15:04.780241-04:00,465131.55,"Target Price: $73,047.92"
2026-05-28 01:00:00-04:00,2026-05-27 20:01:11.182488-04:00,KXBTC15M-26MAY280100,2026-05-28 01:05:00-04:00,2026-06-04 01:00:00-04:00,73047.92,73078.95,2026-06-04 01:00:00-04:00,2026-05-28 01:05:00-04:00,2026-05-28 00:45:00-04:00,no,2026-05-28 01:00:04.707463-04:00,finalized,greater_or_equal,KXBTC15M-26MAY280100-00,BTC price up in next 15 mins?,2026-05-28 01:00:04.777203-04:00,417051.95,"Target Price: $73,078.95"
2026-05-28 00:45:00-04:00,2026-05-27 20:01:10.493466-04:00,KXBTC15M-26MAY280045,2026-05-28 00:50:00-04:00,2026-06-04 00:45:00-04:00,73078.95,72888.63,2026-06-04 00:45:00-04:00,2026-05-28 00:50:00-04:00,2026-05-28 00:30:00-04:00,yes,2026-05-28 00:45:04.708019-04:00,finalized,greater_or_equal,KXBTC15M-26MAY280045-45,BTC price up in next 15 mins?,2026-05-28 00:45:04.808101-04:00,480674.23,"Target Price: $72,888.63"
2026-05-28 00:30:00-04:00,2026-05-27 20:01:09.766799-04:00,KXBTC15M-26MAY280030,2026-05-28 00:35:00-04:00,2026-06-04 00:30:00-04:00,72888.63,72961.72,2026-06-04 00:30:00-04:00,2026-05-28 00:35:00-04:00,2026-05-28 00:15:00-04:00,no,2026-05-28 00:30:04.710530-04:00,finalized,greater_or_equal,KXBTC15M-26MAY280030-30,BTC price up in next 15 mins?,2026-05-28 00:30:04.780972-04:00,547377.40,"Target Price: $72,961.72"
2026-05-28 00:15:00-04:00,2026-05-27 20:01:08.914756-04:00,KXBTC15M-26MAY280015,2026-05-28 00:20:00-04:00,2026-06-04 00:15:00-04:00,72961.72,73167.23,2026-06-04 00:15:00-04:00,2026-05-28 00:20:00-04:00,2026-05-28 00:00:00-04:00,no,2026-05-28 00:15:14.659218-04:00,finalized,greater_or_equal,KXBTC15M-26MAY280015-15,BTC price up in next 15 mins?,2026-05-28 00:15:14.730483-04:00,609239.12,"Target Price: $73,167.23"
2026-05-28 00:00:00-04:00,2026-05-26 20:02:19.152701-04:00,KXBTC15M-26MAY280000,2026-05-28 00:05:00-04:00,2026-06-04 00:00:00-04:00,73167.23,73329.71,2026-06-04 00:00:00-04:00,2026-05-28 00:05:00-04:00,2026-05-27 23:45:00-04:00,no,2026-05-28 00:00:04.656620-04:00,finalized,greater_or_equal,KXBTC15M-26MAY280000-00,BTC price up in next 15 mins?,2026-05-28 00:00:04.732476-04:00,579738.72,"Target Price: $73,329.71"
2026-05-27 23:45:00-04:00,2026-05-26 20:02:18.595423-04:00,KXBTC15M-26MAY272345,2026-05-27 23:50:00-04:00,2026-06-03 23:45:00-04:00,73329.71,73648.72,2026-06-03 23:45:00-04:00,2026-05-27 23:50:00-04:00,2026-05-27 23:30:00-04:00,no,2026-05-27 23:45:04.663270-04:00,finalized,greater_or_equal,KXBTC15M-26MAY272345-45,BTC price up in next 15 mins?,2026-05-27 23:45:04.781296-04:00,485507.41,"Target Price: $73,648.72"
2026-05-27 23:30:00-04:00,2026-05-26 20:02:18.024101-04:00,KXBTC15M-26MAY272330,2026-05-27 23:35:00-04:00,2026-06-03 23:30:00-04:00,73648.72,74089.63,2026-06-03 23:30:00-04:00,2026-05-27 23:35:00-04:00,2026-05-27 23:15:00-04:00,no,2026-05-27 23:30:04.707999-04:00,finalized,greater_or_equal,KXBTC15M-26MAY272330-30,BTC price up in next 15 mins?,2026-05-27 23:30:04.988788-04:00,526553.18,"Target Price: $74,089.63"
2026-05-27 23:15:00-04:00,2026-05-26 20:02:17.468825-04:00,KXBTC15M-26MAY272315,2026-05-27 23:20:00-04:00,2026-06-03 23:15:00-04:00,74089.63,74154.13,2026-06-03 23:15:00-04:00,2026-05-27 23:20:00-04:00,2026-05-27 23:00:00-04:00,no,2026-05-27 23:15:04.656973-04:00,finalized,greater_or_equal,KXBTC15M-26MAY272315-15,BTC price up in next 15 mins?,2026-05-27 23:15:04.750188-04:00,904529.51,"Target Price: $74,154.13"
2026-05-27 23:00:00-04:00,2026-05-26 20:02:16.911549-04:00,KXBTC15M-26MAY272300,2026-05-27 23:05:00-04:00,2026-06-03 23:00:00-04:00,74154.13,74143.24,2026-06-03 23:00:00-04:00,2026-05-27 23:05:00-04:00,2026-05-27 22:45:00-04:00,yes,2026-05-27 23:00:04.784195-04:00,finalized,greater_or_equal,KXBTC15M-26MAY272300-00,BTC price up in next 15 mins?,2026-05-27 23:00:04.980889-04:00,620102.04,"Target Price: $74,143.24"
2026-05-27 22:45:00-04:00,2026-05-26 20:02:16.323675-04:00,KXBTC15M-26MAY272245,2026-05-27 22:50:00-04:00,2026-06-03 22:45:00-04:00,74143.24,74093.09,2026-06-03 22:45:00-04:00,2026-05-27 22:50:00-04:00,2026-05-27 22:30:00-04:00,yes,2026-05-27 22:45:04.655357-04:00,finalized,greater_or_equal,KXBTC15M-26MAY272245-45,BTC price up in next 15 mins?,2026-05-27 22:45:04.709101-04:00,544918.10,"Target Price: $74,093.09"
2026-05-27 22:30:00-04:00,2026-05-26 20:02:15.789331-04:00,KXBTC15M-26MAY272230,2026-05-27 22:35:00-04:00,2026-06-03 22:30:00-04:00,74093.09,74240.47,2026-06-03 22:30:00-04:00,2026-05-27 22:35:00-04:00,2026-05-27 22:15:00-04:00,no,2026-05-27 22:30:04.659366-04:00,finalized,greater_or_equal,KXBTC15M-26MAY272230-30,BTC price up in next 15 mins?,2026-05-27 22:30:04.721695-04:00,558139.78,"Target Price: $74,240.47"
2026-05-27 22:15:00-04:00,2026-05-26 20:02:15.331742-04:00,KXBTC15M-26MAY272215,2026-05-27 22:20:00-04:00,2026-06-03 22:15:00-04:00,74240.47,74219.2,2026-06-03 22:15:00-04:00,2026-05-27 22:20:00-04:00,2026-05-27 22:00:00-04:00,yes,2026-05-27 22:15:04.708343-04:00,finalized,greater_or_equal,KXBTC15M-26MAY272215-15,BTC price up in next 15 mins?,2026-05-27 22:15:05.001169-04:00,738576.13,"Target Price: $74,219.20"
2026-05-27 22:00:00-04:00,2026-05-26 20:02:14.830516-04:00,KXBTC15M-26MAY272200,2026-05-27 22:05:00-04:00,2026-06-03 22:00:00-04:00,74219.20,74151.03,2026-06-03 22:00:00-04:00,2026-05-27 22:05:00-04:00,2026-05-27 21:45:00-04:00,yes,2026-05-27 22:00:04.707627-04:00,finalized,greater_or_equal,KXBTC15M-26MAY272200-00,BTC price up in next 15 mins?,2026-05-27 22:00:04.781688-04:00,480835.56,"Target Price: $74,151.03"
2026-05-27 21:45:00-04:00,2026-05-26 20:02:14.183092-04:00,KXBTC15M-26MAY272145,2026-05-27 21:50:00-04:00,2026-06-03 21:45:00-04:00,74151.03,74189.63,2026-06-03 21:45:00-04:00,2026-05-27 21:50:00-04:00,2026-05-27 21:30:00-04:00,no,2026-05-27 21:45:04.664820-04:00,finalized,greater_or_equal,KXBTC15M-26MAY272145-45,BTC price up in next 15 mins?,2026-05-27 21:45:04.960176-04:00,700284.66,"Target Price: $74,189.63"
2026-05-27 21:30:00-04:00,2026-05-26 20:02:13.573134-04:00,KXBTC15M-26MAY272130,2026-05-27 21:35:00-04:00,2026-06-03 21:30:00-04:00,74189.63,74350.92,2026-06-03 21:30:00-04:00,2026-05-27 21:35:00-04:00,2026-05-27 21:15:00-04:00,no,2026-05-27 21:30:04.660098-04:00,finalized,greater_or_equal,KXBTC15M-26MAY272130-30,BTC price up in next 15 mins?,2026-05-27 21:30:04.723613-04:00,728796.56,"Target Price: $74,350.92"
2026-05-27 21:15:00-04:00,2026-05-26 20:02:13.047885-04:00,KXBTC15M-26MAY272115,2026-05-27 21:20:00-04:00,2026-06-03 21:15:00-04:00,74350.92,74441.92,2026-06-03 21:15:00-04:00,2026-05-27 21:20:00-04:00,2026-05-27 21:00:00-04:00,no,2026-05-27 21:15:04.804796-04:00,finalized,greater_or_equal,KXBTC15M-26MAY272115-15,BTC price up in next 15 mins?,2026-05-27 21:15:05.329513-04:00,496462.39,"Target Price: $74,441.92"
2026-05-27 21:00:00-04:00,2026-05-26 20:02:12.614701-04:00,KXBTC15M-26MAY272100,2026-05-27 21:05:00-04:00,2026-06-03 21:00:00-04:00,74441.92,74443.15,2026-06-03 21:00:00-04:00,2026-05-27 21:05:00-04:00,2026-05-27 20:45:00-04:00,no,2026-05-27 21:00:04.656701-04:00,finalized,greater_or_equal,KXBTC15M-26MAY272100-00,BTC price up in next 15 mins?,2026-05-27 21:00:04.746112-04:00,752904.46,"Target Price: $74,443.15"
2026-05-27 20:45:00-04:00,2026-05-26 20:02:12.187440-04:00,KXBTC15M-26MAY272045,2026-05-27 20:50:00-04:00,2026-06-03 20:45:00-04:00,74443.15,74349.39,2026-06-03 20:45:00-04:00,2026-05-27 20:50:00-04:00,2026-05-27 20:30:00-04:00,yes,2026-05-27 20:45:04.656803-04:00,finalized,greater_or_equal,KXBTC15M-26MAY272045-45,BTC price up in next 15 mins?,2026-05-27 20:45:04.719350-04:00,583367.58,"Target Price: $74,349.39"
2026-05-27 20:30:00-04:00,2026-05-26 20:02:11.676365-04:00,KXBTC15M-26MAY272030,2026-05-27 20:35:00-04:00,2026-06-03 20:30:00-04:00,74349.39,74344.0,2026-06-03 20:30:00-04:00,2026-05-27 20:35:00-04:00,2026-05-27 20:15:00-04:00,yes,2026-05-27 20:30:04.662154-04:00,finalized,greater_or_equal,KXBTC15M-26MAY272030-30,BTC price up in next 15 mins?,2026-05-27 20:30:04.719110-04:00,783675.76,"Target Price: $74,344.00"
2026-05-27 20:15:00-04:00,2026-05-26 20:02:11.219179-04:00,KXBTC15M-26MAY272015,2026-05-27 20:20:00-04:00,2026-06-03 20:15:00-04:00,74344.00,74336.97,2026-06-03 20:15:00-04:00,2026-05-27 20:20:00-04:00,2026-05-27 20:00:00-04:00,yes,2026-05-27 20:15:04.858908-04:00,finalized,greater_or_equal,KXBTC15M-26MAY272015-15,BTC price up in next 15 mins?,2026-05-27 20:15:05.215215-04:00,847300.20,"Target Price: $74,336.97"
2026-05-27 20:00:00-04:00,2026-05-26 20:02:10.689159-04:00,KXBTC15M-26MAY272000,2026-05-27 20:05:00-04:00,2026-06-03 20:00:00-04:00,74336.97,74242.59,2026-06-03 20:00:00-04:00,2026-05-27 20:05:00-04:00,2026-05-27 19:45:00-04:00,yes,2026-05-27 20:00:04.656458-04:00,finalized,greater_or_equal,KXBTC15M-26MAY272000-00,BTC price up in next 15 mins?,2026-05-27 20:00:05.012611-04:00,545420.44,"Target Price: $74,242.59"
2026-05-27 19:45:00-04:00,2026-05-26 20:02:10.187549-04:00,KXBTC15M-26MAY271945,2026-05-27 19:50:00-04:00,2026-06-03 19:45:00-04:00,74242.59,74178.32,2026-06-03 19:45:00-04:00,2026-05-27 19:50:00-04:00,2026-05-27 19:30:00-04:00,yes,2026-05-27 19:45:04.667349-04:00,finalized,greater_or_equal,KXBTC15M-26MAY271945-45,BTC price up in next 15 mins?,2026-05-27 19:45:04.771223-04:00,513458.77,"Target Price: $74,178.32"
2026-05-27 19:30:00-04:00,2026-05-26 20:02:09.758920-04:00,KXBTC15M-26MAY271930,2026-05-27 19:35:00-04:00,2026-06-03 19:30:00-04:00,74178.32,74333.93,2026-06-03 19:30:00-04:00,2026-05-27 19:35:00-04:00,2026-05-27 19:15:00-04:00,no,2026-05-27 19:30:04.654358-04:00,finalized,greater_or_equal,KXBTC15M-26MAY271930-30,BTC price up in next 15 mins?,2026-05-27 19:30:04.767886-04:00,558667.79,"Target Price: $74,333.93"
2026-05-27 19:15:00-04:00,2026-05-26 20:02:09.271351-04:00,KXBTC15M-26MAY271915,2026-05-27 19:20:00-04:00,2026-06-03 19:15:00-04:00,74333.93,74317.63,2026-06-03 19:15:00-04:00,2026-05-27 19:20:00-04:00,2026-05-27 19:00:00-04:00,yes,2026-05-27 19:15:04.664456-04:00,finalized,greater_or_equal,KXBTC15M-26MAY271915-15,BTC price up in next 15 mins?,2026-05-27 19:15:04.713382-04:00,676271.93,"Target Price: $74,317.63"
2026-05-27 19:00:00-04:00,2026-05-26 20:02:08.739867-04:00,KXBTC15M-26MAY271900,2026-05-27 19:05:00-04:00,2026-06-03 19:00:00-04:00,74317.63,74523.69,2026-06-03 19:00:00-04:00,2026-05-27 19:05:00-04:00,2026-05-27 18:45:00-04:00,no,2026-05-27 19:00:04.651839-04:00,finalized,greater_or_equal,KXBTC15M-26MAY271900-00,BTC price up in next 15 mins?,2026-05-27 19:00:04.970427-04:00,380823.15,"Target Price: $74,523.69"
2026-05-27 18:45:00-04:00,2026-05-26 20:02:08.215907-04:00,KXBTC15M-26MAY271845,2026-05-27 18:50:00-04:00,2026-06-03 18:45:00-04:00,74523.69,74515.0,2026-06-03 18:45:00-04:00,2026-05-27 18:50:00-04:00,2026-05-27 18:30:00-04:00,yes,2026-05-27 18:45:04.778802-04:00,finalized,greater_or_equal,KXBTC15M-26MAY271845-45,BTC price up in next 15 mins?,2026-05-27 18:45:04.868355-04:00,703055.26,"Target Price: $74,515.00"
2026-05-27 18:30:00-04:00,2026-05-26 20:02:07.650724-04:00,KXBTC15M-26MAY271830,2026-05-27 18:35:00-04:00,2026-06-03 18:30:00-04:00,74515.00,74263.67,2026-06-03 18:30:00-04:00,2026-05-27 18:35:00-04:00,2026-05-27 18:15:00-04:00,yes,2026-05-27 18:30:11.562981-04:00,finalized,greater_or_equal,KXBTC15M-26MAY271830-30,BTC price up in next 15 mins?,2026-05-27 18:30:11.603716-04:00,496920.74,"Target Price: $74,263.67"
2026-05-27 18:15:00-04:00,2026-05-26 20:02:07.147652-04:00,KXBTC15M-26MAY271815,2026-05-27 18:20:00-04:00,2026-06-03 18:15:00-04:00,74263.67,74355.95,2026-06-03 18:15:00-04:00,2026-05-27 18:20:00-04:00,2026-05-27 18:00:00-04:00,no,2026-05-27 18:15:11.561416-04:00,finalized,greater_or_equal,KXBTC15M-26MAY271815-15,BTC price up in next 15 mins?,2026-05-27 18:15:11.627880-04:00,690306.71,"Target Price: $74,355.95"
2026-05-27 18:00:00-04:00,2026-05-26 20:02:06.579328-04:00,KXBTC15M-26MAY271800,2026-05-27 18:05:00-04:00,2026-06-03 18:00:00-04:00,74355.95,74480.06,2026-06-03 18:00:00-04:00,2026-05-27 18:05:00-04:00,2026-05-27 17:45:00-04:00,no,2026-05-27 18:00:11.557444-04:00,finalized,greater_or_equal,KXBTC15M-26MAY271800-00,BTC price up in next 15 mins?,2026-05-27 18:00:11.627287-04:00,498309.50,"Target Price: $74,480.06"
2026-05-27 17:45:00-04:00,2026-05-26 20:02:06.001944-04:00,KXBTC15M-26MAY271745,2026-05-27 17:50:00-04:00,2026-06-03 17:45:00-04:00,74480.06,74987.37,2026-06-03 17:45:00-04:00,2026-05-27 17:50:00-04:00,2026-05-27 17:30:00-04:00,no,2026-05-27 17:45:11.555363-04:00,finalized,greater_or_equal,KXBTC15M-26MAY271745-45,BTC price up in next 15 mins?,2026-05-27 17:45:11.584669-04:00,354385.11,"Target Price: $74,987.37"
2026-05-27 17:30:00-04:00,2026-05-26 20:02:05.441116-04:00,KXBTC15M-26MAY271730,2026-05-27 17:35:00-04:00,2026-06-03 17:30:00-04:00,74987.37,75070.59,2026-06-03 17:30:00-04:00,2026-05-27 17:35:00-04:00,2026-05-27 17:15:00-04:00,no,2026-05-27 17:30:11.550665-04:00,finalized,greater_or_equal,KXBTC15M-26MAY271730-30,BTC price up in next 15 mins?,2026-05-27 17:30:11.622742-04:00,339472.81,"Target Price: $75,070.59"
2026-05-27 17:15:00-04:00,2026-05-26 20:02:04.562472-04:00,KXBTC15M-26MAY271715,2026-05-27 17:20:00-04:00,2026-06-03 17:15:00-04:00,75070.59,75155.74,2026-06-03 17:15:00-04:00,2026-05-27 17:20:00-04:00,2026-05-27 17:00:00-04:00,no,2026-05-27 17:15:11.559052-04:00,finalized,greater_or_equal,KXBTC15M-26MAY271715-15,BTC price up in next 15 mins?,2026-05-27 17:15:11.647956-04:00,375352.00,"Target Price: $75,155.74"
2026-05-27 17:00:00-04:00,2026-05-26 20:02:03.946277-04:00,KXBTC15M-26MAY271700,2026-05-27 17:05:00-04:00,2026-06-03 17:00:00-04:00,75155.74,75128.34,2026-06-03 17:00:00-04:00,2026-05-27 17:05:00-04:00,2026-05-27 16:45:00-04:00,yes,2026-05-27 17:00:11.564036-04:00,finalized,greater_or_equal,KXBTC15M-26MAY271700-00,BTC price up in next 15 mins?,2026-05-27 17:00:12.284802-04:00,503748.16,"Target Price: $75,128.34"
2026-05-27 16:45:00-04:00,2026-05-26 20:02:03.268321-04:00,KXBTC15M-26MAY271645,2026-05-27 16:50:00-04:00,2026-06-03 16:45:00-04:00,75128.34,75165.11,2026-06-03 16:45:00-04:00,2026-05-27 16:50:00-04:00,2026-05-27 16:30:00-04:00,no,2026-05-27 16:45:11.559719-04:00,finalized,greater_or_equal,KXBTC15M-26MAY271645-45,BTC price up in next 15 mins?,2026-05-27 16:45:11.605216-04:00,424622.46,"Target Price: $75,165.11"
2026-05-27 16:30:00-04:00,2026-05-26 20:02:02.568879-04:00,KXBTC15M-26MAY271630,2026-05-27 16:35:00-04:00,2026-06-03 16:30:00-04:00,75165.11,75177.83,2026-06-03 16:30:00-04:00,2026-05-27 16:35:00-04:00,2026-05-27 16:15:00-04:00,no,2026-05-27 16:30:11.624135-04:00,finalized,greater_or_equal,KXBTC15M-26MAY271630-30,BTC price up in next 15 mins?,2026-05-27 16:30:11.658071-04:00,646455.14,"Target Price: $75,177.83"
2026-05-27 16:15:00-04:00,2026-05-26 20:02:01.888031-04:00,KXBTC15M-26MAY271615,2026-05-27 16:20:00-04:00,2026-06-03 16:15:00-04:00,75177.83,74925.39,2026-06-03 16:15:00-04:00,2026-05-27 16:20:00-04:00,2026-05-27 16:00:00-04:00,yes,2026-05-27 16:15:11.555178-04:00,finalized,greater_or_equal,KXBTC15M-26MAY271615-15,BTC price up in next 15 mins?,2026-05-27 16:15:11.586462-04:00,390051.36,"Target Price: $74,925.39"
2026-05-27 16:00:00-04:00,2026-05-26 20:02:01.178419-04:00,KXBTC15M-26MAY271600,2026-05-27 16:05:00-04:00,2026-06-03 16:00:00-04:00,74925.39,74852.6,2026-06-03 16:00:00-04:00,2026-05-27 16:05:00-04:00,2026-05-27 15:45:00-04:00,yes,2026-05-27 16:00:11.554737-04:00,finalized,greater_or_equal,KXBTC15M-26MAY271600-00,BTC price up in next 15 mins?,2026-05-27 16:00:11.863138-04:00,455900.35,"Target Price: $74,852.60"
